0,1535988392084,0.05204409973601881
500,1535988392555,0.004245553710484993
1000,1535988393000,0.004201589446910714
1500,1535988393457,0.0042018528513447055
2000,1535988393947,0.004160692290511769
2500,1535988394407,0.0041401371708465395
3000,1535988394871,0.004122061361921232
3500,1535988395371,0.0041048407520045335
4000,1535988395879,0.004101585755518058
4500,1535988396402,0.004103808759237981
5000,1535988396868,0.004054585526589559
5500,1535988397319,0.0040741929695425365
6000,1535988397798,0.004028232487087724
6500,1535988398269,0.003994375789919098
7000,1535988398722,0.0039784275094864605
7500,1535988399232,0.003928287554300941
8000,1535988399699,0.003933503566824094
8500,1535988400171,0.00384185124639477
9000,1535988400653,0.0027313653932362226
9500,1535988401156,6.894948375048992e-4
10000,1535988401694,5.107869238715462e-4
10500,1535988402201,4.2830289121157414e-4
11000,1535988402691,3.894804918466673e-4
11500,1535988403153,3.50331334610184e-4
12000,1535988403649,3.324175031375229e-4
12500,1535988404119,3.0269185920193194e-4
13000,1535988404587,2.9043289176731e-4
13500,1535988405099,2.771137599195249e-4
14000,1535988405576,2.6936248495907836e-4
14500,1535988406037,2.631651776292491e-4
15000,1535988406499,2.5925509622120023e-4
15500,1535988406983,2.61047881356516e-4
16000,1535988407439,2.6149823994095484e-4
16500,1535988407907,2.5072711170276223e-4
17000,1535988408402,2.507984398726459e-4
17500,1535988408896,2.4456396269036346e-4
18000,1535988409391,2.484201080763959e-4
18500,1535988409886,2.4471999787338956e-4
19000,1535988410353,2.4245834703586164e-4
19500,1535988410801,2.3985160063229026e-4
20000,1535988411253,2.4199792629880156e-4
20500,1535988411750,2.4403587092661612e-4
21000,1535988412253,2.395473503938256e-4
21500,1535988412716,2.4073344747517386e-4
22000,1535988413190,2.390827513623596e-4
22500,1535988413658,2.3541423615023742e-4
23000,1535988414101,2.3530299126585234e-4
23500,1535988414575,2.3409308910736488e-4
24000,1535988415094,2.379535265520533e-4
24500,1535988415575,2.3738023768704605e-4
25000,1535988416091,2.3533002435258918e-4
25500,1535988416568,2.341311392256427e-4
26000,1535988417071,2.3227300627952095e-4
26500,1535988417585,2.347468602527905e-4
27000,1535988418057,2.3614738762891478e-4
27500,1535988418534,2.357484897085467e-4
28000,1535988419006,2.3181801005471597e-4
28500,1535988419495,2.3042793989091662e-4
29000,1535988419920,2.3196918345396356e-4
29500,1535988420392,2.3638481817785437e-4
30000,1535988420925,2.3081613188365944e-4
30500,1535988421402,2.320733049890314e-4
31000,1535988421906,2.3778363865820316e-4
31500,1535988422373,2.313868444364186e-4
32000,1535988422825,2.3297917586242677e-4
32500,1535988423287,2.3085052316198593e-4
33000,1535988423769,2.361626017477617e-4
33500,1535988424231,2.323021346960276e-4
34000,1535988424760,2.3242725118629892e-4
34500,1535988425224,2.2876035791652533e-4
35000,1535988425689,2.3090011237079531e-4
35500,1535988426175,2.292790385193306e-4
36000,1535988426641,2.3529321495332106e-4
36500,1535988427136,2.294715540997381e-4
37000,1535988427597,2.3153374109200097e-4
37500,1535988428108,2.27872986046206e-4
38000,1535988428584,2.320632142290086e-4
38500,1535988429031,2.3010845756484785e-4
39000,1535988429538,2.310728081411217e-4
39500,1535988429990,2.2815437203155668e-4
40000,1535988430463,2.3163074307946298e-4
40500,1535988430957,2.323244387192594e-4
41000,1535988431441,2.296793001709059e-4
41500,1535988431979,2.3452260727552438e-4
42000,1535988432474,2.2982002922194544e-4
42500,1535988432954,2.2734370884859982e-4
43000,1535988433421,2.3242232177821007e-4
43500,1535988433909,2.3509578560726376e-4
44000,1535988434404,2.3010998165317193e-4
44500,1535988434898,2.2977193747186569e-4
45000,1535988435361,2.3007386062470406e-4
45500,1535988435867,2.284694478635358e-4
46000,1535988436364,2.3190674361727408e-4
46500,1535988436850,2.2790581461023523e-4
47000,1535988437372,2.286583085277639e-4
47500,1535988437871,2.3006158155016462e-4
48000,1535988438400,2.2838546957724696e-4
48500,1535988438869,2.2951734181231198e-4
49000,1535988439361,2.2882162446068743e-4
49500,1535988439840,2.2873333069203417e-4
50000,1535988440309,2.2981815891761907e-4
50500,1535988440823,2.3019074766745046e-4
51000,1535988441333,2.2933697352605617e-4
51500,1535988441822,2.3152828134584955e-4
52000,1535988442331,2.2981599192451244e-4
52500,1535988442808,2.3153376291124266e-4
53000,1535988443285,2.2811982235922682e-4
53500,1535988443737,2.2830647285178792e-4
54000,1535988444215,2.3151637586249672e-4
54500,1535988444671,2.277336349870243e-4
55000,1535988445198,2.2883693277046173e-4
55500,1535988445726,2.2941385950602444e-4
56000,1535988446212,2.303447794963337e-4
56500,1535988446731,2.2785912522714613e-4
57000,1535988447260,2.3027395122552995e-4
57500,1535988447757,2.300328260061788e-4
58000,1535988448285,2.2741767061295085e-4
58500,1535988448811,2.300270016610402e-4
59000,1535988449280,2.3039974328941393e-4
59500,1535988449784,2.2739663007514583e-4
60000,1535988450253,2.2827191711758047e-4
60500,1535988450752,2.2940770253592868e-4
61000,1535988451244,2.2843477470712935e-4
61500,1535988451691,2.2822611469334694e-4
62000,1535988452166,2.2819479573578716e-4
62500,1535988452604,2.2826162599387254e-4
63000,1535988453082,2.2825322152945086e-4
63500,1535988453551,2.300761348757954e-4
64000,1535988454016,2.281129368410583e-4
64500,1535988454520,2.3040080507630937e-4
65000,1535988455023,2.314763615856765e-4
65500,1535988455507,2.2850006464754196e-4
66000,1535988455974,2.2859949248235368e-4
66500,1535988456486,2.2700931425923644e-4
67000,1535988456970,2.2669461830369136e-4
67500,1535988457462,2.2790655946111784e-4
68000,1535988457963,2.2717915779317681e-4
68500,1535988458436,2.2734338409925676e-4
69000,1535988458899,2.2809077878179038e-4
69500,1535988459380,2.292551211830258e-4
70000,1535988459855,2.2612146616273008e-4
70500,1535988460288,2.2711764758608265e-4
71000,1535988460726,2.271012049968957e-4
71500,1535988461190,2.3034698350147222e-4
72000,1535988461639,2.272853242617509e-4
72500,1535988462109,2.2717777501455065e-4
73000,1535988462581,2.279649334116753e-4
73500,1535988463066,2.286913781913264e-4
74000,1535988463584,2.2844485084122707e-4
74500,1535988464066,2.2682839541429507e-4
75000,1535988464549,2.277611293292152e-4
75500,1535988465090,2.2795240433852757e-4
76000,1535988465609,2.2774907210057358e-4
76500,1535988466085,2.3054079372392266e-4
77000,1535988466594,2.2757393945599584e-4
77500,1535988467102,2.2801462140671516e-4
78000,1535988467629,2.2732843290221118e-4
78500,1535988468102,2.2632467926974825e-4
79000,1535988468627,2.2719425867621617e-4
79500,1535988469113,2.2808982968638937e-4
80000,1535988469617,2.273389765969331e-4
80500,1535988470086,2.277341031643235e-4
81000,1535988470557,2.276238110131122e-4
81500,1535988471011,2.2882309935644962e-4
82000,1535988471459,2.266023594400634e-4
82500,1535988471968,2.2852523054572526e-4
83000,1535988472490,2.264947437205255e-4
83500,1535988473016,2.2731049034865032e-4
84000,1535988473513,2.2981950479601188e-4
84500,1535988474004,2.3136605193772568e-4
85000,1535988474468,2.3122263455359243e-4
85500,1535988474917,2.2698797520359493e-4
86000,1535988475405,2.2771865252948725e-4
86500,1535988475892,2.2661168767124985e-4
87000,1535988476352,2.264432033410045e-4
87500,1535988476843,2.2865167150849463e-4
88000,1535988477306,2.3598182301788894e-4
88500,1535988477757,2.3459552907749388e-4
89000,1535988478245,2.2780968620565522e-4
89500,1535988478710,2.3051263542844903e-4
90000,1535988479219,2.2949340941599115e-4
90500,1535988479700,2.2822648894411907e-4
91000,1535988480187,2.277585088851454e-4
91500,1535988480696,2.2834915876113112e-4
92000,1535988481147,2.2997290811380854e-4
92500,1535988481642,2.2874355897632272e-4
93000,1535988482127,2.2773777054365307e-4
93500,1535988482584,2.2766483897466555e-4
94000,1535988483069,2.2833229394537933e-4
94500,1535988483541,2.284570004854809e-4
95000,1535988484026,2.276052234907442e-4
95500,1535988484511,2.3059122227838975e-4
96000,1535988484976,2.2859434718850772e-4
96500,1535988485462,2.2884946207365486e-4
97000,1535988485954,2.2875121558681497e-4
97500,1535988486445,2.3071093704174394e-4
98000,1535988486932,2.3008705854032053e-4
98500,1535988487419,2.2814150622040285e-4
99000,1535988487915,2.2774751492399552e-4
99500,1535988488427,2.2835576081150835e-4
100000,1535988488908,2.308932664856982e-4
100500,1535988489414,2.3279128993539792e-4
101000,1535988489904,2.3047160125600006e-4
101500,1535988490418,2.3335912742541038e-4
102000,1535988490915,2.2813824378547723e-4
102500,1535988491447,2.2925669285420188e-4
103000,1535988491921,2.288958712874651e-4
103500,1535988492374,2.2796956730387858e-4
104000,1535988492887,2.2921229446329027e-4
104500,1535988493393,2.2829386378930982e-4
105000,1535988493876,2.3009693989345427e-4
105500,1535988494378,2.284058685386135e-4
106000,1535988494876,2.2904874090947945e-4
106500,1535988495344,2.2862738975697338e-4
107000,1535988495820,2.2948591483301886e-4
107500,1535988496319,2.2913591700625657e-4
108000,1535988496781,2.282313481937273e-4
108500,1535988497214,2.2806340759964845e-4
109000,1535988497683,2.3066773654396915e-4
109500,1535988498156,2.3383675223360314e-4
110000,1535988498675,2.313825500401283e-4
110500,1535988499161,2.3116005979351286e-4
111000,1535988499697,2.3129332383957398e-4
111500,1535988500184,2.3064534378124734e-4
112000,1535988500650,2.286953080346605e-4
112500,1535988501144,2.302573920103237e-4
113000,1535988501656,2.3120304511130304e-4
113500,1535988502108,2.305112783307619e-4
114000,1535988502564,2.2998370722983937e-4
114500,1535988503022,2.2962214858932307e-4
115000,1535988503541,2.2958609311013372e-4
115500,1535988504020,2.295834706650072e-4
116000,1535988504534,2.3021346606873932e-4
116500,1535988505127,2.3132400194965562e-4
117000,1535988505623,2.2955971789331877e-4
117500,1535988506134,2.3072360171368726e-4
118000,1535988506633,2.307960165325823e-4
118500,1535988507115,2.309289735157196e-4
119000,1535988507592,2.30772495815196e-4
119500,1535988508119,2.3512201067046583e-4
120000,1535988508598,2.3069758920331985e-4
120500,1535988509083,2.31610962781111e-4
121000,1535988509559,2.311564099525239e-4
121500,1535988510079,2.3035451941550423e-4
122000,1535988510556,2.309100739007492e-4
122500,1535988511019,2.3194879660166885e-4
123000,1535988511512,2.320580560377472e-4
123500,1535988511987,2.3137706201556904e-4
124000,1535988512500,2.3085202782239576e-4
124500,1535988512974,2.3232409742383973e-4
125000,1535988513495,2.327925574674591e-4
125500,1535988514027,2.3280622924353055e-4
126000,1535988514556,2.3401259996399507e-4
126500,1535988515095,2.3092671866975435e-4
127000,1535988515633,2.3211440258914744e-4
127500,1535988516167,2.32218954735098e-4
128000,1535988516705,2.3483203156813347e-4
128500,1535988517227,2.3419349535257675e-4
129000,1535988517726,2.3251564276959306e-4
129500,1535988518226,2.3283029609932817e-4
130000,1535988518746,2.3323654777480588e-4
130500,1535988519201,2.3472893123979997e-4
131000,1535988519737,2.3689024430536288e-4
131500,1535988520329,2.3613791613281905e-4
132000,1535988520826,2.334994624136903e-4
132500,1535988521308,2.3410986533136413e-4
133000,1535988521745,2.3401232505117954e-4
133500,1535988522205,2.3550376753147249e-4
134000,1535988522672,2.3304338599000116e-4
134500,1535988523143,2.346767370288139e-4
135000,1535988523622,2.3422257993500125e-4
135500,1535988524089,2.3402705092741554e-4
136000,1535988524527,2.3401023800865596e-4
136500,1535988525034,2.3387762361766148e-4
137000,1535988525553,2.349977205965377e-4
137500,1535988526134,2.3481524883641716e-4
138000,1535988526691,2.3612674769872715e-4
138500,1535988527168,2.3734124932757602e-4
139000,1535988527652,2.3649993289591404e-4
139500,1535988528157,2.354748517037354e-4
140000,1535988528700,2.3685020343848997e-4
140500,1535988529259,2.3660179913452878e-4
141000,1535988529868,2.3618093771598462e-4
141500,1535988530375,2.3630087021104217e-4
142000,1535988530898,2.3626332564286915e-4
142500,1535988531370,2.3748863693474965e-4
143000,1535988531816,2.3687444862776253e-4
143500,1535988532270,2.3990473338990546e-4
144000,1535988532740,2.395060809832824e-4
144500,1535988533195,2.3824866311562818e-4
145000,1535988533711,2.3646169279633344e-4
145500,1535988534205,2.368981260471286e-4
146000,1535988534684,2.3699674377752208e-4
146500,1535988535130,2.3922502095295815e-4
147000,1535988535672,2.3781397708334825e-4
147500,1535988536165,2.3840419505548202e-4
148000,1535988536704,2.4038743244208616e-4
148500,1535988537204,2.390466368612476e-4
149000,1535988537645,2.4061515498199833e-4
149500,1535988538148,2.3868116982790041e-4
150000,1535988538630,2.3918300510127082e-4
150500,1535988539149,2.4150963787853536e-4
151000,1535988539657,2.4035627338641125e-4
151500,1535988540132,2.3957728609388964e-4
152000,1535988540609,2.4129589399600322e-4
152500,1535988541089,2.408692580123898e-4
153000,1535988541580,2.403724143967089e-4
153500,1535988542057,2.4159844271012386e-4
154000,1535988542537,2.4016587417853276e-4
154500,1535988543031,2.4026947566928007e-4
155000,1535988543505,2.4120810988127048e-4
155500,1535988543983,2.4034760781342356e-4
156000,1535988544473,2.4109747175393533e-4
156500,1535988544963,2.4108058772090698e-4
157000,1535988545459,2.4168177174886248e-4
157500,1535988545999,2.429106502083071e-4
158000,1535988546498,2.444576942800616e-4
158500,1535988546948,2.4510380002542063e-4
159000,1535988547409,2.4238317830200897e-4
159500,1535988547902,2.423456540944372e-4
160000,1535988548383,2.4752671071451483e-4
160500,1535988548870,2.4406281283464036e-4
161000,1535988549313,2.4552159308472007e-4
161500,1535988549783,2.452070606439648e-4
162000,1535988550265,2.451952294519087e-4
162500,1535988550738,2.442617834438472e-4
163000,1535988551232,2.44479532013543e-4
163500,1535988551692,2.457137963575964e-4
164000,1535988552180,2.450336765387586e-4
164500,1535988552641,2.4500746517696226e-4
165000,1535988553103,2.449637140797855e-4
165500,1535988553576,2.4512371683630557e-4
166000,1535988554073,2.456761213795887e-4
166500,1535988554615,2.481556530024525e-4
167000,1535988555076,2.472126119104316e-4
167500,1535988555565,2.489152387732297e-4
168000,1535988556033,2.4733289883803277e-4
168500,1535988556513,2.48784532219509e-4
169000,1535988556973,2.476696246493383e-4
169500,1535988557443,2.4808083519143237e-4
170000,1535988557961,2.498136643586252e-4
170500,1535988558448,2.489052219046058e-4
171000,1535988558931,2.4852372110435185e-4
171500,1535988559428,2.5122179214815706e-4
172000,1535988559951,2.507221252481531e-4
172500,1535988560434,2.503959247722778e-4
173000,1535988560918,2.5081915809189347e-4
173500,1535988561398,2.5100226417697934e-4
174000,1535988561892,2.509691746380163e-4
174500,1535988562367,2.515825809998584e-4
175000,1535988562865,2.529883356212711e-4
175500,1535988563307,2.5174991173802054e-4
176000,1535988563783,2.543582911228256e-4
176500,1535988564264,2.5336094537263873e-4
177000,1535988564722,2.529958009905697e-4
177500,1535988565211,2.559509074048724e-4
178000,1535988565705,2.5394258057186673e-4
178500,1535988566164,2.544193028004691e-4
179000,1535988566625,2.556922485272111e-4
179500,1535988567116,2.550349660953398e-4
180000,1535988567639,2.561902661428932e-4
180500,1535988568108,2.5615641063559715e-4
181000,1535988568578,2.5917872303883246e-4
181500,1535988569033,2.5748149320588244e-4
182000,1535988569523,2.5721439539425935e-4
182500,1535988569998,2.611502267617869e-4
183000,1535988570499,2.5960366964895945e-4
183500,1535988570967,2.5836016172342476e-4
184000,1535988571407,2.58727790970288e-4
184500,1535988571907,2.6470716816052515e-4
185000,1535988572362,2.603358333123222e-4
185500,1535988572883,2.618212750029985e-4
186000,1535988573343,2.614686256211828e-4
186500,1535988573825,2.6506515495233995e-4
187000,1535988574308,2.618219435854444e-4
187500,1535988574835,2.6254789035395654e-4
188000,1535988575305,2.6296494046853006e-4
188500,1535988575771,2.635685728827204e-4
189000,1535988576265,2.6388282681447795e-4
189500,1535988576740,2.6485729061056574e-4
190000,1535988577211,2.650427669105915e-4
190500,1535988577690,2.6695703221764756e-4
191000,1535988578133,2.665859972670038e-4
191500,1535988578621,2.6885615768309574e-4
192000,1535988579117,2.6743710105352723e-4
192500,1535988579583,2.6839460130493855e-4
193000,1535988580062,2.694052945189169e-4
193500,1535988580549,2.7025115366074504e-4
194000,1535988581029,2.6971760462890553e-4
194500,1535988581488,2.7165946122853653e-4
195000,1535988581940,2.708310535248963e-4
195500,1535988582406,2.7281326899445036e-4
196000,1535988582859,2.7199853559264323e-4
196500,1535988583367,2.728356230511566e-4
197000,1535988583847,2.737027227327536e-4
197500,1535988584318,2.7401676942922224e-4
198000,1535988584863,2.757649958023155e-4
198500,1535988585350,2.7565070425415413e-4
199000,1535988585819,2.764539616439385e-4
199500,1535988586314,2.7955515369781106e-4
200000,1535988586762,2.789567246709842e-4
200500,1535988587231,2.7897344039133095e-4
201000,1535988587713,2.808606616860402e-4
201500,1535988588196,2.837029908960034e-4
202000,1535988588663,2.8074459303753307e-4
202500,1535988589150,2.8179397711324905e-4
203000,1535988589603,2.8326972624704997e-4
203500,1535988590127,2.83579134695736e-4
204000,1535988590581,2.8414420842606445e-4
204500,1535988591087,2.8484280849719676e-4
205000,1535988591596,2.9010261741128554e-4
205500,1535988592056,2.88423977367902e-4
206000,1535988592532,2.8828088379879145e-4
206500,1535988593004,2.916297305275294e-4
207000,1535988593447,2.89991417264941e-4
207500,1535988593943,2.9146034205240783e-4
208000,1535988594463,2.9151275857486943e-4
208500,1535988594940,2.943964612967965e-4
209000,1535988595409,2.92895040464132e-4
209500,1535988595860,2.934815510443896e-4
210000,1535988596344,2.955150630629445e-4
210500,1535988596802,2.962872091566441e-4
211000,1535988597255,2.965764080051085e-4
211500,1535988597704,2.983471609084668e-4
212000,1535988598174,2.990157163383511e-4
212500,1535988598634,2.99927958230137e-4
213000,1535988599112,3.066945732811235e-4
213500,1535988599618,3.0431060880118456e-4
214000,1535988600105,3.035461228177504e-4
214500,1535988600607,3.046432128927632e-4
215000,1535988601123,3.0755510693420237e-4
215500,1535988601594,3.082451928534204e-4
216000,1535988602136,3.084773945938189e-4
216500,1535988602647,3.1181598060319647e-4
217000,1535988603133,3.1130106155250495e-4
217500,1535988603624,3.2191676609930097e-4
218000,1535988604087,3.198615909673845e-4
218500,1535988604552,3.152693284228661e-4
219000,1535988605035,3.176021197892017e-4
219500,1535988605524,3.1905792875386974e-4
220000,1535988605992,3.1987256858366324e-4
220500,1535988606476,3.2070687996560795e-4
221000,1535988606936,3.219056737848567e-4
221500,1535988607401,3.25387152170516e-4
222000,1535988607847,3.258980138764559e-4
222500,1535988608386,3.2911971546951784e-4
223000,1535988608850,3.2571777754141824e-4
223500,1535988609335,3.2958964674992383e-4
224000,1535988609814,3.2914545537067317e-4
224500,1535988610336,3.3242041934878377e-4
225000,1535988610819,3.357148462240007e-4
225500,1535988611307,3.3724007805145006e-4
226000,1535988611789,3.355678197129021e-4
226500,1535988612237,3.425400640840231e-4
227000,1535988612720,3.385224035642526e-4
227500,1535988613152,3.51582973582919e-4
228000,1535988613615,3.42890536439173e-4
228500,1535988614056,3.5297654992913073e-4
229000,1535988614520,3.461713973533342e-4
229500,1535988614973,3.6229639801882386e-4
230000,1535988615448,3.49660693294605e-4
230500,1535988615942,3.513299421668237e-4
231000,1535988616464,3.5453578070988856e-4
231500,1535988616950,3.5444656390034814e-4
232000,1535988617416,3.564547255875212e-4
232500,1535988617897,3.642747611896059e-4
233000,1535988618415,3.604387959373759e-4
233500,1535988618878,3.6099618312122065e-4
234000,1535988619345,3.664624541179791e-4
234500,1535988619830,3.7177139311284167e-4
235000,1535988620333,3.683787927731284e-4
235500,1535988620785,3.7028793891236047e-4
236000,1535988621233,3.749949716297793e-4
236500,1535988621737,3.773206004339412e-4
237000,1535988622207,3.785887795839851e-4
237500,1535988622699,3.7982515895006527e-4
238000,1535988623141,3.802978159930044e-4
238500,1535988623607,3.8335128322838235e-4
239000,1535988624088,3.841703232872174e-4
239500,1535988624585,3.8833896339822394e-4
240000,1535988625106,3.8953354073529916e-4
240500,1535988625618,3.936509892710378e-4
241000,1535988626083,3.941749198227607e-4
241500,1535988626501,3.9791893879818837e-4
242000,1535988626968,3.9979652402289073e-4
242500,1535988627480,4.000126906275423e-4
243000,1535988627967,4.022632749086352e-4
243500,1535988628416,4.0753084546889506e-4
244000,1535988628899,4.0776259027414975e-4
244500,1535988629393,4.101435996637249e-4
245000,1535988629857,4.150499776937652e-4
245500,1535988630288,4.2659364371034513e-4
246000,1535988630746,4.171652916865658e-4
246500,1535988631197,4.228109594135241e-4
247000,1535988631639,4.237019527119752e-4
247500,1535988632107,4.3171384213883443e-4
248000,1535988632593,4.2675798659964036e-4
248500,1535988633036,4.3561101361849986e-4
249000,1535988633517,4.3214221230326654e-4
249500,1535988634008,4.3695470022893785e-4
250000,1535988634448,4.5049821347536057e-4
250500,1535988634980,4.4714982580363005e-4
251000,1535988635451,4.417388440102308e-4
251500,1535988635898,4.509953501263135e-4
252000,1535988636355,4.5354950050464796e-4
252500,1535988636858,4.5352954937369805e-4
253000,1535988637360,4.695878180500924e-4
253500,1535988637829,4.569526575317929e-4
254000,1535988638327,4.639723625747027e-4
254500,1535988638804,4.683198403825761e-4
255000,1535988639274,4.6448673891290163e-4
255500,1535988639766,4.66564923666843e-4
256000,1535988640243,4.6837886690719304e-4
256500,1535988640732,4.709854272930984e-4
257000,1535988641195,4.792193264983273e-4
257500,1535988641699,4.7913520423470445e-4
258000,1535988642198,4.823872232671243e-4
258500,1535988642648,4.8614058531854204e-4
259000,1535988643124,4.8757809859717823e-4
259500,1535988643588,4.960196050001679e-4
260000,1535988644024,4.893624231053057e-4
260500,1535988644491,4.906337599847637e-4
261000,1535988644994,4.987808554997216e-4
261500,1535988645443,5.122523249241312e-4
262000,1535988645914,5.153142773774899e-4
262500,1535988646389,5.007888459144125e-4
263000,1535988646869,5.07147711035367e-4
263500,1535988647340,5.082209669847907e-4
264000,1535988647872,5.163449993005061e-4
264500,1535988648355,5.134955735996668e-4
265000,1535988648848,5.226952332640319e-4
265500,1535988649349,5.253784227025255e-4
266000,1535988649851,5.186751751805066e-4
266500,1535988650315,5.231036518194388e-4
267000,1535988650785,5.271827405328567e-4
267500,1535988651260,5.303269276640777e-4
268000,1535988651720,5.397066385532527e-4
268500,1535988652220,5.316966609083798e-4
269000,1535988652693,5.459662515413722e-4
269500,1535988653199,5.4664042573898e-4
270000,1535988653705,5.495730145285285e-4
270500,1535988654184,5.452117081571438e-4
271000,1535988654626,5.536767054001112e-4
271500,1535988655084,5.637234105844059e-4
272000,1535988655531,5.558597277441397e-4
272500,1535988655999,5.54806898840379e-4
273000,1535988656473,5.585981824442148e-4
273500,1535988656955,5.564931102840686e-4
274000,1535988657429,5.654201186173161e-4
274500,1535988657901,5.674533060269249e-4
275000,1535988658384,5.720841874006876e-4
275500,1535988658828,5.648699817559752e-4
276000,1535988659294,5.707600633991834e-4
276500,1535988659757,5.739841203655416e-4
277000,1535988660261,5.771333325627391e-4
277500,1535988660751,5.739491093890183e-4
278000,1535988661258,5.76181816598628e-4
278500,1535988661726,5.88257854139028e-4
279000,1535988662163,5.95605049723575e-4
279500,1535988662646,5.830871107723621e-4
280000,1535988663135,5.97262167389622e-4
280500,1535988663623,5.893066424193106e-4
281000,1535988664135,5.97451935334495e-4
281500,1535988664668,5.92136657129236e-4
282000,1535988665179,6.058913308065173e-4
282500,1535988665656,6.422831059885393e-4
283000,1535988666145,6.003105286871936e-4
283500,1535988666604,6.085037782622524e-4
284000,1535988667079,6.04205815038147e-4
284500,1535988667595,6.180922450871466e-4
285000,1535988668089,6.079797835971903e-4
285500,1535988668578,6.0913092838966e-4
286000,1535988669022,6.074494229132397e-4
286500,1535988669478,6.222510988679004e-4
287000,1535988669964,6.094863676682846e-4
287500,1535988670451,6.119640325129811e-4
288000,1535988670987,6.174441452277772e-4
288500,1535988671428,6.186637816724002e-4
289000,1535988671878,6.232744177424087e-4
289500,1535988672313,6.2738898652447e-4
290000,1535988672756,6.202796077324301e-4
290500,1535988673235,6.235146102200314e-4
291000,1535988673701,6.217295644125413e-4
291500,1535988674187,6.192838317332268e-4
292000,1535988674653,6.166391515132688e-4
292500,1535988675071,6.181217762988002e-4
293000,1535988675555,6.204742359108362e-4
293500,1535988676002,6.246155392908406e-4
294000,1535988676559,6.197788610370046e-4
294500,1535988677129,6.391415092962718e-4
295000,1535988677595,6.279303560282351e-4
295500,1535988678074,6.195187302596571e-4
296000,1535988678558,6.364923834619355e-4
296500,1535988679075,6.172069548156391e-4
297000,1535988679534,6.201667009753634e-4
297500,1535988680033,6.149112895631229e-4
298000,1535988680540,6.143705967912472e-4
298500,1535988681000,6.156521594730238e-4
299000,1535988681450,6.201658094431345e-4
299500,1535988681920,6.266046442093817e-4
300000,1535988682384,6.129957671821708e-4
300500,1535988682835,6.094977397635469e-4
301000,1535988683324,6.249400744202112e-4
301500,1535988683809,6.148284649805266e-4
302000,1535988684258,6.184366404970043e-4
302500,1535988684739,6.018971479700597e-4
303000,1535988685180,6.024068075404249e-4
303500,1535988685627,6.451414917352555e-4
304000,1535988686087,5.881195535604202e-4
304500,1535988686551,5.850813888517425e-4
305000,1535988687029,5.873493710398723e-4
305500,1535988687452,6.375401303501499e-4
306000,1535988687940,5.609386046182158e-4
306500,1535988688406,5.560175614620874e-4
307000,1535988688894,5.564075922094984e-4
307500,1535988689376,5.277659394855371e-4
308000,1535988689824,5.146412318290779e-4
308500,1535988690311,5.007648752108083e-4
309000,1535988690772,5.092547165414923e-4
309500,1535988691206,4.939691997008952e-4
310000,1535988691683,4.669171174882295e-4
310500,1535988692163,4.8619020980553385e-4
311000,1535988692635,4.575102012672161e-4
311500,1535988693115,4.5428878171855535e-4
312000,1535988693595,4.5389394256410356e-4
312500,1535988694082,4.535296993001193e-4
313000,1535988694579,4.8240178462590166e-4
313500,1535988695056,4.519058081703748e-4
314000,1535988695505,4.554216520828822e-4
314500,1535988695961,4.4931838862047666e-4
315000,1535988696426,4.5835817959851154e-4
315500,1535988696883,4.4882902882286877e-4
316000,1535988697361,4.594321955215265e-4
316500,1535988697845,4.584225361503398e-4
317000,1535988698336,4.504381532235857e-4
317500,1535988698803,4.820641954614079e-4
318000,1535988699321,4.4899922102938935e-4
318500,1535988699801,4.740795140979769e-4
319000,1535988700280,4.479742168825378e-4
319500,1535988700765,4.64559957511076e-4
320000,1535988701235,4.505763803681984e-4
320500,1535988701663,4.467217898811062e-4
321000,1535988702086,4.651335488898792e-4
321500,1535988702528,4.5191334437250856e-4
322000,1535988703011,4.477017979417762e-4
322500,1535988703495,4.518080035192175e-4
323000,1535988703984,4.485962225045468e-4
323500,1535988704472,4.6459397126056944e-4
324000,1535988704952,4.535608512759144e-4
324500,1535988705417,4.6185483240567373e-4
325000,1535988705914,4.507069791430354e-4
325500,1535988706404,4.4844494229720174e-4
326000,1535988706886,4.5354806960075367e-4
326500,1535988707400,4.508946334627834e-4
327000,1535988707833,4.534456643141055e-4
327500,1535988708350,4.494774753980352e-4
328000,1535988708789,4.4697310848201995e-4
328500,1535988709258,4.4905406258222505e-4
329000,1535988709760,4.487116895604903e-4
329500,1535988710234,4.5047531457317625e-4
330000,1535988710678,4.5449509872534335e-4
330500,1535988711173,4.4856608631779906e-4
331000,1535988711655,4.4731221380085577e-4
331500,1535988712125,4.705652173135111e-4
332000,1535988712589,4.481250335590558e-4
332500,1535988713087,4.5045082621483366e-4
333000,1535988713549,4.5401465468057037e-4
333500,1535988714005,4.469388721878999e-4
334000,1535988714486,4.616536871802524e-4
334500,1535988714965,4.4823743208449203e-4
335000,1535988715395,4.477094432213971e-4
335500,1535988715858,4.4738842379976845e-4
336000,1535988716311,4.55188024914333e-4
336500,1535988716761,4.5549239178022127e-4
337000,1535988717252,4.6331720676611804e-4
337500,1535988717723,4.4774176873477254e-4
338000,1535988718203,4.5118842276306256e-4
338500,1535988718627,4.573739630266151e-4
339000,1535988719114,4.508797387711745e-4
339500,1535988719577,4.5740812738516787e-4
340000,1535988720035,4.495957957371368e-4
340500,1535988720550,4.680016793116988e-4
341000,1535988720995,4.734857744416447e-4
341500,1535988721444,4.4716948881112355e-4
342000,1535988721901,4.5090287855210806e-4
342500,1535988722356,4.557125379343151e-4
343000,1535988722822,4.465267504055974e-4
343500,1535988723287,4.6659733986615694e-4
344000,1535988723765,4.522469642304722e-4
344500,1535988724270,4.484672472851561e-4
345000,1535988724755,4.50195671647506e-4
345500,1535988725211,4.5024834493131115e-4
346000,1535988725668,4.526469156834454e-4
346500,1535988726139,4.748395423320225e-4
347000,1535988726588,4.48440675074189e-4
347500,1535988727046,4.479052749559371e-4
348000,1535988727491,4.482335616969654e-4
348500,1535988727976,4.493960737599736e-4
349000,1535988728493,4.648957464716779e-4
349500,1535988728986,4.612929635785035e-4
350000,1535988729495,4.536740353006144e-4
350500,1535988729963,4.6034431346441405e-4
351000,1535988730427,4.5611035542786164e-4
351500,1535988730901,4.514198426002168e-4
352000,1535988731410,4.5519288255522263e-4
352500,1535988731917,4.4944777403464075e-4
353000,1535988732381,4.535501520920198e-4
353500,1535988732898,4.5683753104524476e-4
354000,1535988733403,4.5419422984082253e-4
354500,1535988733848,4.5339842436125597e-4
355000,1535988734327,4.4894138397569034e-4
355500,1535988734803,4.4760729882765965e-4
356000,1535988735266,4.535554560569837e-4
356500,1535988735745,4.5704402305909715e-4
357000,1535988736234,4.467867771163341e-4
357500,1535988736720,4.484932653907023e-4
358000,1535988737176,4.496391482531983e-4
358500,1535988737665,4.492973834112605e-4
359000,1535988738184,4.5553162088908473e-4
359500,1535988738635,4.538980383647959e-4
360000,1535988739089,4.494643155816915e-4
360500,1535988739551,4.62750883698446e-4
361000,1535988740053,4.47782307812797e-4
361500,1535988740509,4.5382237957648726e-4
362000,1535988740973,4.506908510828857e-4
362500,1535988741433,4.4817472381212934e-4
363000,1535988741908,4.524649115527308e-4
363500,1535988742399,4.531980003081909e-4
364000,1535988742892,4.533278709848659e-4
364500,1535988743396,4.5161261522921783e-4
365000,1535988743884,4.4820989926803745e-4
365500,1535988744296,4.7057921763677535e-4
366000,1535988744858,4.584196903101421e-4
366500,1535988745421,4.5904796698913267e-4
367000,1535988745875,4.49655562219271e-4
367500,1535988746335,4.572664426506647e-4
368000,1535988746892,4.4755972831430523e-4
368500,1535988747483,4.533682509357045e-4
369000,1535988748018,4.4846851042441453e-4
369500,1535988748475,4.482809623616175e-4
370000,1535988748978,4.4906176130009935e-4
370500,1535988749432,4.540188952515036e-4
371000,1535988749896,4.5875306087635745e-4
371500,1535988750352,4.495874146296764e-4
372000,1535988750832,4.4764806986994314e-4
372500,1535988751305,4.489227296999811e-4
373000,1535988751759,4.6271916387873166e-4
373500,1535988752220,4.8688247661461264e-4
374000,1535988752708,4.538647999932699e-4
374500,1535988753183,4.585922033033481e-4
375000,1535988753650,4.4945549222067896e-4
375500,1535988754121,4.498094888279748e-4
376000,1535988754563,4.578890503788465e-4
376500,1535988755061,4.5486032368256493e-4
377000,1535988755516,4.637671207079656e-4
377500,1535988755992,4.4748201800700704e-4
378000,1535988756470,4.581835269270343e-4
378500,1535988756935,4.6181779326397415e-4
379000,1535988757391,4.496945045791075e-4
379500,1535988757844,4.54227090345626e-4
380000,1535988758357,4.4927785449530794e-4
380500,1535988758794,4.5032495099947426e-4
381000,1535988759251,4.488308609226835e-4
381500,1535988759735,4.6192610212505964e-4
382000,1535988760206,4.500226436901533e-4
382500,1535988760672,4.478096016197224e-4
383000,1535988761160,4.531916404523091e-4
383500,1535988761628,4.4846070453947263e-4
384000,1535988762151,4.499567895865177e-4
384500,1535988762624,4.591496001093166e-4
385000,1535988763105,4.5402598960892545e-4
385500,1535988763607,4.498566377970187e-4
386000,1535988764139,4.606792961318689e-4
386500,1535988764614,4.573458182803452e-4
387000,1535988765071,4.4938084412738283e-4
387500,1535988765580,4.4989406176349037e-4
388000,1535988766042,4.5323213887921696e-4
388500,1535988766535,4.576748708900651e-4
389000,1535988767024,4.4761240320180995e-4
389500,1535988767532,4.881579347022015e-4
390000,1535988767987,4.521403353224719e-4
390500,1535988768487,4.552387774231206e-4
391000,1535988768971,4.494597047204466e-4
391500,1535988769451,4.53904009561538e-4
392000,1535988769965,4.507974893428816e-4
392500,1535988770467,4.5311358744928236e-4
393000,1535988770952,4.571581013511635e-4
393500,1535988771429,4.4882933453981825e-4
394000,1535988771906,4.5847195092655084e-4
394500,1535988772377,4.5370930294390185e-4
395000,1535988772858,4.4730459397100225e-4
395500,1535988773339,4.492653778068475e-4
396000,1535988773839,4.5188093913450084e-4
396500,1535988774333,4.5566278283257954e-4
397000,1535988774780,4.505780536613433e-4
397500,1535988775227,4.55022634082582e-4
398000,1535988775695,4.5281983308182073e-4
398500,1535988776154,4.525924361178728e-4
399000,1535988776661,4.5441394590553714e-4
399500,1535988777105,4.4692877812879894e-4
400000,1535988777572,4.5979147874767055e-4
400500,1535988778121,4.4816882659788e-4
401000,1535988778602,4.5001076768214093e-4
401500,1535988779137,4.51362699119938e-4
402000,1535988779653,4.6335146479232824e-4
402500,1535988780143,4.5074753082619256e-4
403000,1535988780622,4.5340310507148716e-4
403500,1535988781070,4.525970876938133e-4
404000,1535988781505,4.5913687526594963e-4
404500,1535988781996,4.533773259210856e-4
405000,1535988782467,4.479051073537098e-4
405500,1535988782964,4.546492968519491e-4
406000,1535988783459,4.482563255653376e-4
406500,1535988783927,4.547471066889363e-4
407000,1535988784425,4.5097151326390695e-4
407500,1535988784933,4.4751227113815284e-4
408000,1535988785451,4.535422894872914e-4
408500,1535988785903,4.828790206087757e-4
409000,1535988786363,4.4804512746699e-4
409500,1535988786874,4.522181754563098e-4
410000,1535988787378,4.7871384035378425e-4
410500,1535988787869,4.477047226199853e-4
411000,1535988788387,4.5607262367141683e-4
411500,1535988788855,4.524646873475146e-4
412000,1535988789286,4.5254792207585553e-4
412500,1535988789734,4.529127234793941e-4
413000,1535988790188,4.5082427559456215e-4
413500,1535988790674,4.491423281656453e-4
414000,1535988791151,4.513183712840289e-4
414500,1535988791613,4.4914930622941713e-4
415000,1535988792054,4.517103679585772e-4
415500,1535988792476,4.8147389973509427e-4
416000,1535988792957,4.5138647337672754e-4
416500,1535988793458,4.649927996596777e-4
417000,1535988793953,4.526499703142744e-4
417500,1535988794516,4.490302554314031e-4
418000,1535988795080,4.530028044939838e-4
418500,1535988795584,4.487931005719613e-4
419000,1535988796014,4.4943530120816804e-4
419500,1535988796480,4.541837454155743e-4
420000,1535988796978,4.5051231997998627e-4
420500,1535988797460,4.48595554848827e-4
421000,1535988797967,4.5150635544747084e-4
421500,1535988798448,4.712051877179662e-4
422000,1535988798938,4.568988292901075e-4
422500,1535988799413,4.5126510379853293e-4
423000,1535988799893,4.551354684681218e-4
423500,1535988800363,4.5016304999875184e-4
424000,1535988800853,4.6205387358719095e-4
424500,1535988801320,4.552258150567417e-4
425000,1535988801759,4.4947822057150654e-4
425500,1535988802259,4.93838299261133e-4
426000,1535988802771,4.4878210311606153e-4
426500,1535988803274,4.6491956660626137e-4
427000,1535988803738,4.515560648251362e-4
427500,1535988804194,4.5115399614525757e-4
428000,1535988804650,4.698489212433521e-4
428500,1535988805128,4.5499757352432163e-4
429000,1535988805619,4.796657144190278e-4
429500,1535988806120,4.690948886359061e-4
430000,1535988806583,4.5566789292970244e-4
430500,1535988807047,4.722741042308867e-4
431000,1535988807513,4.5546444270975426e-4
431500,1535988807972,4.500443136270286e-4
432000,1535988808474,4.5598908260199015e-4
432500,1535988808969,4.637506657995144e-4
433000,1535988809413,4.552704023962258e-4
433500,1535988809877,4.589259639393069e-4
434000,1535988810343,4.6216505454823665e-4
434500,1535988810816,4.5178156317937705e-4
435000,1535988811306,4.4898659978893175e-4
435500,1535988811754,4.5826000488174344e-4
436000,1535988812278,4.478414244791122e-4
436500,1535988812795,4.504948632393919e-4
437000,1535988813270,4.5508628385501366e-4
437500,1535988813718,4.5129024310116e-4
438000,1535988814182,4.60072590953202e-4
438500,1535988814650,4.50576178707572e-4
439000,1535988815106,4.645815286984099e-4
439500,1535988815557,4.5704222558616423e-4
440000,1535988816002,4.5885970130289785e-4
440500,1535988816483,4.69497196230994e-4
441000,1535988816952,4.59799017666086e-4
441500,1535988817427,4.5484122759937326e-4
442000,1535988817889,4.545788162674496e-4
442500,1535988818365,4.497166958801295e-4
443000,1535988818873,4.5145656680988465e-4
443500,1535988819373,4.666802087860907e-4
444000,1535988819865,4.487932980653157e-4
444500,1535988820357,4.54288993457256e-4
445000,1535988820838,4.4796559204323923e-4
445500,1535988821350,4.4907694087133627e-4
446000,1535988821839,4.519788521311181e-4
446500,1535988822314,4.508753997586629e-4
447000,1535988822748,4.6309245569771233e-4
447500,1535988823218,4.5331485300024825e-4
448000,1535988823698,4.530418618467962e-4
448500,1535988824175,4.502739223036731e-4
449000,1535988824680,4.5598653912102286e-4
449500,1535988825167,4.5227399805242423e-4
450000,1535988825629,4.7227700280534635e-4
450500,1535988826084,4.691922399793213e-4
451000,1535988826568,4.5456331910713916e-4
451500,1535988827030,4.488396477584135e-4
452000,1535988827472,4.4928252922919656e-4
452500,1535988827989,4.5675065095349354e-4
453000,1535988828466,4.7696885242378356e-4
453500,1535988828950,4.539854335494855e-4
454000,1535988829405,4.5242573710528616e-4
454500,1535988829858,4.522549007527908e-4
455000,1535988830315,4.539292890059178e-4
455500,1535988830825,4.524393694598028e-4
456000,1535988831322,4.5291247656033403e-4
456500,1535988831788,4.497574513325566e-4
457000,1535988832265,5.140666983709006e-4
457500,1535988832708,4.487326979516411e-4
458000,1535988833155,4.5026630661384087e-4
458500,1535988833597,4.512731507477491e-4
459000,1535988834109,4.557871169139498e-4
459500,1535988834573,4.601045098172008e-4
460000,1535988835030,4.526451123152681e-4
460500,1535988835460,4.538778156280394e-4
461000,1535988835955,4.499601390788072e-4
461500,1535988836449,4.5069312599234774e-4
462000,1535988836938,4.4996055630115576e-4
462500,1535988837401,4.4920573990853623e-4
463000,1535988837840,4.5002942086967804e-4
463500,1535988838295,4.6277109199271515e-4
464000,1535988838757,4.7210959910021883e-4
464500,1535988839203,4.521216067365607e-4
465000,1535988839678,4.48491378197525e-4
465500,1535988840190,4.499044746872517e-4
466000,1535988840685,4.498036468747295e-4
466500,1535988841138,4.812746451395436e-4
467000,1535988841576,4.5103997306525557e-4
467500,1535988842059,4.5457900133448725e-4
468000,1535988842586,4.5669336736706536e-4
468500,1535988843063,4.57470872637455e-4
469000,1535988843550,4.526245333068736e-4
469500,1535988844044,4.5267686091717766e-4
470000,1535988844536,4.5252239125170043e-4
470500,1535988844986,4.543568346826577e-4
471000,1535988845448,4.5306064854232035e-4
471500,1535988845927,4.611821393854061e-4
472000,1535988846392,4.6010911497291004e-4
472500,1535988846879,4.557908675058112e-4
473000,1535988847354,4.708924196683742e-4
473500,1535988847810,5.089870300729607e-4
474000,1535988848269,4.6208189755972634e-4
474500,1535988848753,4.5018298369100857e-4
475000,1535988849245,4.5367308372349356e-4
475500,1535988849752,4.524320790476255e-4
476000,1535988850226,4.588583931714489e-4
476500,1535988850692,4.5566030024853744e-4
477000,1535988851170,4.5196750207166403e-4
477500,1535988851664,4.5503875313487933e-4
478000,1535988852107,4.505290954615942e-4
478500,1535988852583,4.510528723379515e-4
479000,1535988853021,4.7051936811847047e-4
479500,1535988853517,4.5775653306634977e-4
480000,1535988853987,4.550020591369766e-4
480500,1535988854466,4.5023194861327104e-4
481000,1535988854935,4.5404265968995966e-4
481500,1535988855403,4.6761696323910893e-4
482000,1535988855906,4.702878921439966e-4
482500,1535988856402,4.507607348614468e-4
483000,1535988856862,4.682139503028809e-4
483500,1535988857321,4.7881151073323993e-4
484000,1535988857796,4.569210222307948e-4
484500,1535988858251,4.5680116318417175e-4
485000,1535988858705,4.630997643619756e-4
485500,1535988859209,4.564684936912632e-4
486000,1535988859680,4.561093131940108e-4
486500,1535988860140,4.551349508519691e-4
487000,1535988860645,4.5233723559830256e-4
487500,1535988861129,4.502000125900806e-4
488000,1535988861562,4.5106515727257106e-4
488500,1535988861988,4.496518658553949e-4
489000,1535988862508,4.626406320999351e-4
489500,1535988863001,4.5820862629096363e-4
490000,1535988863490,4.504289174763366e-4
490500,1535988863995,4.799410858919766e-4
491000,1535988864476,4.5554276291026255e-4
491500,1535988864997,4.503347822492325e-4
492000,1535988865519,4.5322999031223145e-4
492500,1535988865982,4.5184435307579724e-4
493000,1535988866441,4.5696796092304173e-4
493500,1535988866934,4.5060657083139494e-4
494000,1535988867398,4.533710509020357e-4
494500,1535988867864,4.52896282169003e-4
495000,1535988868300,4.628315648828163e-4
495500,1535988868783,4.64748823736429e-4
496000,1535988869294,4.52113465685533e-4
496500,1535988869761,4.534757704069538e-4
497000,1535988870246,4.510281229039248e-4
497500,1535988870749,4.534749161109107e-4
498000,1535988871215,4.5520271102326233e-4
498500,1535988871723,4.5132911489384725e-4
499000,1535988872228,4.5220004082395754e-4
499500,1535988872742,4.531948671969104e-4
500000,1535988873248,4.6062282786674754e-4
500500,1535988873695,4.527847431568681e-4
501000,1535988874173,4.515095076456903e-4
501500,1535988874678,4.5025753257258133e-4
502000,1535988875138,4.5576652564050207e-4
502500,1535988875615,4.51257699872716e-4
503000,1535988876118,4.710310279715121e-4
503500,1535988876634,4.518707868647477e-4
504000,1535988877118,4.532102155992534e-4
504500,1535988877614,4.7700740675054107e-4
505000,1535988878081,4.5747008547111903e-4
505500,1535988878574,4.5381693439985676e-4
506000,1535988879059,4.6742288317042275e-4
506500,1535988879518,4.606553409599219e-4
507000,1535988880048,4.615508705654133e-4
507500,1535988880527,4.6112871162843196e-4
508000,1535988880983,4.6216988524336447e-4
508500,1535988881449,4.6560848297812684e-4
509000,1535988881911,4.508121052135004e-4
509500,1535988882426,4.760947551717636e-4
510000,1535988882920,4.56781748006164e-4
510500,1535988883458,4.5335013270168096e-4
511000,1535988883960,4.536616174607734e-4
511500,1535988884467,4.6035125838423074e-4
512000,1535988884941,4.626915530317895e-4
512500,1535988885413,4.5575547935463353e-4
513000,1535988885904,4.5386663637835527e-4
513500,1535988886358,4.6566590344005387e-4
514000,1535988886802,4.636567011409182e-4
514500,1535988887252,4.589205688061452e-4
515000,1535988887679,4.570717777930384e-4
515500,1535988888138,4.576273971463417e-4
516000,1535988888638,4.5789025286768797e-4
516500,1535988889147,4.515755236676965e-4
517000,1535988889586,4.520076474323442e-4
517500,1535988890094,4.509109700907453e-4
518000,1535988890565,4.5521478379146734e-4
518500,1535988891051,4.5858788121293074e-4
519000,1535988891538,4.514083964633943e-4
519500,1535988891997,4.5112215227751003e-4
520000,1535988892431,4.579670895001417e-4
520500,1535988892875,4.747494612443921e-4
521000,1535988893400,4.541868909426737e-4
521500,1535988893852,4.7269262371037483e-4
522000,1535988894385,4.5016525750186687e-4
522500,1535988894819,4.5569097840785573e-4
523000,1535988895276,4.652181907624621e-4
523500,1535988895748,4.514237365762369e-4
524000,1535988896201,4.5042527974541743e-4
524500,1535988896674,4.619300663384533e-4
525000,1535988897138,4.5258549187010593e-4
525500,1535988897612,4.699040650597202e-4
526000,1535988898093,4.7132893461698274e-4
526500,1535988898572,4.511239675025259e-4
527000,1535988899036,4.527552051139631e-4
527500,1535988899468,4.908018701255899e-4
528000,1535988899914,4.548607226095342e-4
528500,1535988900396,4.541149339474853e-4
529000,1535988900896,4.5875513599361923e-4
529500,1535988901333,4.6714061202516433e-4
530000,1535988901802,4.5818469239131815e-4
530500,1535988902273,4.576004965205304e-4
531000,1535988902741,4.598251983542455e-4
531500,1535988903233,4.531944385549713e-4
532000,1535988903676,4.532105030446994e-4
532500,1535988904117,4.78313813833907e-4
533000,1535988904562,4.5357406359171375e-4
533500,1535988905078,4.611371603036364e-4
534000,1535988905554,4.625136795380172e-4
534500,1535988906040,4.5541315296979417e-4
535000,1535988906568,4.525462009624273e-4
535500,1535988907047,4.565786281118214e-4
536000,1535988907523,4.5532171504294745e-4
536500,1535988907985,4.5678490445827115e-4
537000,1535988908516,4.6551750300798935e-4
537500,1535988908974,4.6082827542434114e-4
538000,1535988909432,4.5406872370218104e-4
538500,1535988909954,4.5152140214923343e-4
539000,1535988910405,4.550340912632037e-4
539500,1535988910877,5.009291268695913e-4
540000,1535988911326,4.648008894357386e-4
540500,1535988911765,4.5060425064686574e-4
541000,1535988912213,4.537756215580073e-4
541500,1535988912680,4.635652638414217e-4
542000,1535988913178,4.7293885754076296e-4
542500,1535988913643,4.51619894577275e-4
543000,1535988914108,4.5175188318021393e-4
543500,1535988914610,4.5806053265108225e-4
544000,1535988915078,4.529632028740187e-4
544500,1535988915609,4.5533487192099623e-4
545000,1535988916131,4.894679634852443e-4
545500,1535988916618,4.634648845303364e-4
546000,1535988917078,4.5315937991288583e-4
546500,1535988917530,4.6468985593567966e-4
547000,1535988917986,4.5602292219676404e-4
547500,1535988918498,4.598102283409399e-4
548000,1535988918976,4.51949634777332e-4
548500,1535988919424,4.7045290611315353e-4
549000,1535988919991,4.522059494880847e-4
549500,1535988920482,4.580335939699281e-4
550000,1535988921004,4.5761993597040387e-4
550500,1535988921467,4.866557531626812e-4
551000,1535988921967,4.5215620172252264e-4
551500,1535988922438,4.5289243842531557e-4
552000,1535988922916,4.5868189136303813e-4
552500,1535988923407,4.557627500930878e-4
553000,1535988923889,4.532952648158935e-4
553500,1535988924398,4.575925617411057e-4
554000,1535988924844,4.5763000667302373e-4
554500,1535988925352,4.559270520554395e-4
555000,1535988925793,4.592460155177647e-4
555500,1535988926249,4.6485410129734975e-4
556000,1535988926740,4.540163302903795e-4
556500,1535988927224,4.6267762939631994e-4
557000,1535988927720,4.53274712979825e-4
557500,1535988928200,4.572850520721844e-4
558000,1535988928657,4.5507160867768235e-4
558500,1535988929136,4.5531595523059794e-4
559000,1535988929601,4.527019194122402e-4
559500,1535988930059,4.53287341874811e-4
560000,1535988930550,4.5683715741900744e-4
560500,1535988931048,4.522227335362902e-4
561000,1535988931548,4.6451337951840255e-4
561500,1535988932024,4.578840739827491e-4
562000,1535988932496,4.60480935252596e-4
562500,1535988932964,4.554233795842424e-4
563000,1535988933456,4.512480685264609e-4
563500,1535988933950,4.560292344253845e-4
564000,1535988934423,4.5241613416827775e-4
564500,1535988934888,4.563189395413071e-4
565000,1535988935381,4.559101009491729e-4
565500,1535988935867,4.5376988420181027e-4
566000,1535988936334,4.539992396236268e-4
566500,1535988936810,4.608582587403746e-4
567000,1535988937271,4.6307084706567357e-4
567500,1535988937739,4.6622185460221095e-4
568000,1535988938155,4.552571500453311e-4
568500,1535988938585,4.6365237861436284e-4
569000,1535988939076,4.5668007486342123e-4
569500,1535988939575,4.5283089522599136e-4
570000,1535988940031,4.5406070780917753e-4
570500,1535988940532,4.623950065784235e-4
571000,1535988940976,4.68019327514802e-4
571500,1535988941486,4.635538709486076e-4
572000,1535988941953,4.855438591476828e-4
572500,1535988942430,4.7405808476728485e-4
573000,1535988942924,4.589540688408162e-4
573500,1535988943364,4.6385293613773363e-4
574000,1535988943841,4.7451625357786977e-4
574500,1535988944328,4.602998731922646e-4
575000,1535988944799,4.5391522667160016e-4
575500,1535988945301,4.5864496215255806e-4
576000,1535988945791,4.74084292370315e-4
576500,1535988946275,4.6345088898275396e-4
577000,1535988946742,4.5426875740690295e-4
577500,1535988947232,4.59523891794572e-4
578000,1535988947737,4.547962122902022e-4
578500,1535988948197,4.691116444772714e-4
579000,1535988948672,4.557438952717685e-4
579500,1535988949161,4.535452777149674e-4
580000,1535988949644,4.72623480810213e-4
580500,1535988950115,4.530031012540766e-4
581000,1535988950575,4.598100703014122e-4
581500,1535988951046,4.6039594656050494e-4
582000,1535988951525,4.567193869810606e-4
582500,1535988952022,4.5342615481592277e-4
583000,1535988952516,4.600768253603741e-4
583500,1535988952992,4.543556559862899e-4
584000,1535988953489,4.576645065292258e-4
584500,1535988953979,4.5637161138771163e-4
585000,1535988954454,4.578123062379397e-4
585500,1535988954955,4.561664481967414e-4
586000,1535988955467,4.5571503677825333e-4
586500,1535988955961,4.5796022664380056e-4
587000,1535988956395,4.5816824464403827e-4
587500,1535988956842,4.5580009995093237e-4
588000,1535988957291,5.033572412979021e-4
588500,1535988957771,5.000677998534736e-4
589000,1535988958237,4.5533691019029475e-4
589500,1535988958686,4.577875174670727e-4
590000,1535988959192,4.796211795021044e-4
590500,1535988959654,4.549108475035473e-4
591000,1535988960125,4.5732507309133183e-4
591500,1535988960660,4.5481342060360835e-4
592000,1535988961144,4.547662187680627e-4
592500,1535988961632,4.585107835023889e-4
593000,1535988962128,4.880127215881458e-4
593500,1535988962609,4.6611390408410867e-4
594000,1535988963066,4.567928444288385e-4
594500,1535988963516,4.581258009595394e-4
595000,1535988964012,4.5536555171837314e-4
595500,1535988964479,4.640968048059081e-4
596000,1535988964955,4.5505635118325e-4
596500,1535988965406,4.580454223950393e-4
597000,1535988965859,4.540347470447655e-4
597500,1535988966332,4.7170780807584753e-4
598000,1535988966812,4.625319085710728e-4
598500,1535988967302,4.5961468096644757e-4
599000,1535988967744,4.611419604390339e-4
599500,1535988968233,4.5596472882338625e-4
600000,1535988968715,4.617004547621802e-4
600500,1535988969172,4.564817144945935e-4
601000,1535988969722,4.5494732821138215e-4
601500,1535988970164,4.5931366867784794e-4
602000,1535988970647,4.5630256942572864e-4
602500,1535988971133,4.563034418741225e-4
603000,1535988971582,4.601762885644649e-4
603500,1535988972056,4.525474903051549e-4
604000,1535988972528,4.595731973938214e-4
604500,1535988973025,4.5518339118216057e-4
605000,1535988973536,4.5761525158513736e-4
605500,1535988974020,4.543082822087174e-4
606000,1535988974485,4.540409188083341e-4
606500,1535988974933,4.7103440931598654e-4
607000,1535988975404,4.595860403486703e-4
607500,1535988975867,4.711724665527955e-4
608000,1535988976328,4.5564606873649895e-4
608500,1535988976863,4.5509606607507347e-4
609000,1535988977357,4.5719606653453807e-4
609500,1535988977834,4.5528002898702385e-4
610000,1535988978310,4.5495882575688815e-4
610500,1535988978795,4.614918152053044e-4
611000,1535988979244,4.588354925286959e-4
611500,1535988979659,4.559574508639499e-4
612000,1535988980141,4.60021471027845e-4
612500,1535988980602,4.5707330863078055e-4
613000,1535988981134,4.5639078787806936e-4
613500,1535988981599,4.571683610961442e-4
614000,1535988982115,4.5931256282702557e-4
614500,1535988982572,4.5429644864047826e-4
615000,1535988983029,4.6442202366082913e-4
615500,1535988983543,4.6805827574199985e-4
616000,1535988984042,4.568904080447625e-4
616500,1535988984538,4.6013736330994913e-4
617000,1535988985037,4.5472595314192526e-4
617500,1535988985471,4.628053314650936e-4
618000,1535988985869,4.631111422088523e-4
618500,1535988986347,4.7568219548767407e-4
619000,1535988986839,4.596146494747312e-4
619500,1535988987335,4.5749544935955004e-4
620000,1535988987803,4.546451036930795e-4
620500,1535988988260,4.6049112581599477e-4
621000,1535988988707,4.559197868183814e-4
621500,1535988989128,4.5836601651048296e-4
622000,1535988989588,4.5490129457373657e-4
622500,1535988990053,4.587459062997091e-4
623000,1535988990508,4.701353492380984e-4
623500,1535988990986,4.7377332494347857e-4
624000,1535988991450,4.5626874323819946e-4
624500,1535988991904,4.7150827888868497e-4
625000,1535988992371,4.5980488850610074e-4
