0,1536137635281,0.0502628618771667
500,1536137635678,0.0046468777411182525
1000,1536137636085,0.004626575905408004
1500,1536137636547,0.004595782345641083
2000,1536137636982,0.0046835655655498845
2500,1536137637408,0.004561770639937187
3000,1536137637849,0.00456045612765745
3500,1536137638273,0.004549495772610518
4000,1536137638671,0.004586397316997215
4500,1536137639042,0.004519649192698764
5000,1536137639425,0.004495199706833304
5500,1536137639854,0.004481589433446753
6000,1536137640233,0.004497357471634283
6500,1536137640638,0.004505671173620887
7000,1536137641046,0.004477807997098279
7500,1536137641425,0.004416918736968893
8000,1536137641797,0.004413072191916845
8500,1536137642174,0.004302515654254478
9000,1536137642571,0.002778757885740139
9500,1536137642957,8.723035322244993e-4
10000,1536137643329,6.550070166415512e-4
10500,1536137643745,5.633928001271843e-4
11000,1536137644173,4.960788472773198e-4
11500,1536137644570,4.476187927592068e-4
12000,1536137644970,4.123951390134548e-4
12500,1536137645391,3.8621859272214146e-4
13000,1536137645816,3.677505900746613e-4
13500,1536137646199,3.527586963842365e-4
14000,1536137646585,3.409464615746018e-4
14500,1536137646964,3.3150910426425886e-4
15000,1536137647335,3.2304211837596284e-4
15500,1536137647694,3.16691070932861e-4
16000,1536137648067,3.1128543357306586e-4
16500,1536137648438,3.060169696581085e-4
17000,1536137648809,3.027291977850776e-4
17500,1536137649198,2.9809334030242576e-4
18000,1536137649576,2.9456601475914016e-4
18500,1536137649937,2.919677927605006e-4
19000,1536137650293,2.890575895113911e-4
19500,1536137650666,2.863112902484265e-4
20000,1536137651055,2.8426558952165574e-4
20500,1536137651468,2.826180491833141e-4
21000,1536137651881,2.8134653867475907e-4
21500,1536137652312,2.788266230790649e-4
22000,1536137652710,2.773776354053803e-4
22500,1536137653110,2.7602748797463247e-4
23000,1536137653500,2.749863751832509e-4
23500,1536137653984,2.7374985673141953e-4
24000,1536137654386,2.724223507977736e-4
24500,1536137654794,2.7125764942588564e-4
25000,1536137655166,2.700979788779732e-4
25500,1536137655528,2.6977577989385895e-4
26000,1536137655924,2.6891388071212906e-4
26500,1536137656310,2.675630728906308e-4
27000,1536137656714,2.6734694022477977e-4
27500,1536137657145,2.6700561591935345e-4
28000,1536137657554,2.660302441312035e-4
28500,1536137657960,2.6496540510104384e-4
29000,1536137658334,2.638749559476366e-4
29500,1536137658747,2.6437634994407256e-4
30000,1536137659179,2.642659004659371e-4
30500,1536137659575,2.622965862712302e-4
31000,1536137659961,2.6242891598991146e-4
31500,1536137660399,2.618519188961759e-4
32000,1536137660786,2.612741255204267e-4
32500,1536137661179,2.606371391651033e-4
33000,1536137661580,2.612210157863837e-4
33500,1536137661988,2.602169572527241e-4
34000,1536137662395,2.6048258082110056e-4
34500,1536137662774,2.591684957724715e-4
35000,1536137663108,2.586674025076881e-4
35500,1536137663461,2.584559998044524e-4
36000,1536137663833,2.581766586872642e-4
36500,1536137664232,2.57533250481416e-4
37000,1536137664629,2.58132828107069e-4
37500,1536137665052,2.5772223142778286e-4
38000,1536137665470,2.5690279625215545e-4
38500,1536137665873,2.572537805297635e-4
39000,1536137666295,2.586556030645055e-4
39500,1536137666697,2.569782553354876e-4
40000,1536137667117,2.5621456621604426e-4
40500,1536137667518,2.564335794602911e-4
41000,1536137667884,2.551308199535768e-4
41500,1536137668289,2.550683041080262e-4
42000,1536137668672,2.5518773228141073e-4
42500,1536137669079,2.5546625524808594e-4
43000,1536137669484,2.5418675817412054e-4
43500,1536137669862,2.5404481502756116e-4
44000,1536137670214,2.542952567367586e-4
44500,1536137670601,2.544679657261016e-4
45000,1536137671009,2.5312752220283524e-4
45500,1536137671459,2.5491682068630217e-4
46000,1536137671820,2.535665823386836e-4
46500,1536137672219,2.5537537011501775e-4
47000,1536137672585,2.5466475804022785e-4
47500,1536137672959,2.538846603310614e-4
48000,1536137673355,2.542705453729825e-4
48500,1536137673742,2.522561165326686e-4
49000,1536137674091,2.5275529923482357e-4
49500,1536137674509,2.523495343343232e-4
50000,1536137674883,2.516723470717475e-4
50500,1536137675238,2.5183608695636514e-4
51000,1536137675603,2.519505545417058e-4
51500,1536137675980,2.5188513355462795e-4
52000,1536137676379,2.521609793878877e-4
52500,1536137676740,2.518628494305735e-4
53000,1536137677140,2.512650822106832e-4
53500,1536137677505,2.5214551305915365e-4
54000,1536137677889,2.5094844448623343e-4
54500,1536137678284,2.5146904671532273e-4
55000,1536137678681,2.527081721854421e-4
55500,1536137679060,2.511743249697297e-4
56000,1536137679451,2.505295283235478e-4
56500,1536137679837,2.513668671001092e-4
57000,1536137680205,2.496430421468276e-4
57500,1536137680614,2.503739319334436e-4
58000,1536137681009,2.5047892701463926e-4
58500,1536137681383,2.5121105813044197e-4
59000,1536137681779,2.4979239602792815e-4
59500,1536137682147,2.4940965260976183e-4
60000,1536137682595,2.4895625502739584e-4
60500,1536137682981,2.4939350967174013e-4
61000,1536137683393,2.4997508542138057e-4
61500,1536137683832,2.4976976156025545e-4
62000,1536137684222,2.4909251566483377e-4
62500,1536137684611,2.487837898588635e-4
63000,1536137684994,2.498879803299342e-4
63500,1536137685467,2.484320596767343e-4
64000,1536137685854,2.481850647630759e-4
64500,1536137686249,2.4860671979495965e-4
65000,1536137686643,2.4923686191665584e-4
65500,1536137687045,2.4893108649745924e-4
66000,1536137687446,2.489905572884451e-4
66500,1536137687876,2.4867454581756253e-4
67000,1536137688269,2.4916819677418405e-4
67500,1536137688661,2.485491226093788e-4
68000,1536137689051,2.4930840019952045e-4
68500,1536137689440,2.480749630009021e-4
69000,1536137689822,2.4920426279404563e-4
69500,1536137690233,2.4754900886409615e-4
70000,1536137690618,2.479703340459394e-4
70500,1536137690974,2.482997263486124e-4
71000,1536137691354,2.482890614854719e-4
71500,1536137691768,2.4814943355384877e-4
72000,1536137692203,2.4749146872209084e-4
72500,1536137692641,2.4848428970360197e-4
73000,1536137693057,2.4817359351116217e-4
73500,1536137693459,2.4800568305927823e-4
74000,1536137693864,2.4844289573676615e-4
74500,1536137694266,2.484576073768438e-4
75000,1536137694649,2.4756481067350383e-4
75500,1536137695035,2.4698117741493367e-4
76000,1536137695426,2.4746208959051653e-4
76500,1536137695844,2.4646762229079176e-4
77000,1536137696228,2.4750552007333837e-4
77500,1536137696604,2.4704521151636404e-4
78000,1536137696982,2.4679813322144793e-4
78500,1536137697377,2.478882317974508e-4
79000,1536137697741,2.4825031319285245e-4
79500,1536137698113,2.5079268263680576e-4
80000,1536137698503,2.4728678025834393e-4
80500,1536137698926,2.4897842793936874e-4
81000,1536137699354,2.4681434872710046e-4
81500,1536137699792,2.4738170858327926e-4
82000,1536137700209,2.4725862654115374e-4
82500,1536137700568,2.490323964321904e-4
83000,1536137700965,2.477104778405023e-4
83500,1536137701359,2.468169646800565e-4
84000,1536137701743,2.472227065541766e-4
84500,1536137702133,2.4685049772916594e-4
85000,1536137702576,2.4650797258316567e-4
85500,1536137703013,2.4605029437504094e-4
86000,1536137703430,2.4711055233716216e-4
86500,1536137703829,2.4832302343679276e-4
87000,1536137704230,2.464102344445814e-4
87500,1536137704614,2.4622405085221715e-4
88000,1536137704977,2.46470115147005e-4
88500,1536137705359,2.4677915958388406e-4
89000,1536137705741,2.4616200485285544e-4
89500,1536137706127,2.4587515924282607e-4
90000,1536137706515,2.4688969030749706e-4
90500,1536137706900,2.465354666348769e-4
91000,1536137707272,2.4691418593671875e-4
91500,1536137707676,2.4654223626153566e-4
92000,1536137708046,2.4603367014207036e-4
92500,1536137708424,2.4660597735986166e-4
93000,1536137708805,2.470384811309053e-4
93500,1536137709188,2.464249092845235e-4
94000,1536137709553,2.472840932052925e-4
94500,1536137709945,2.4770917797469334e-4
95000,1536137710340,2.463653129935156e-4
95500,1536137710725,2.461209722107542e-4
96000,1536137711106,2.466201893233186e-4
96500,1536137711479,2.4665941573719254e-4
97000,1536137711902,2.458300896802742e-4
97500,1536137712279,2.476280314517844e-4
98000,1536137712675,2.4625626750219805e-4
98500,1536137713120,2.458758721963425e-4
99000,1536137713510,2.468389228778526e-4
99500,1536137713922,2.4610917030294004e-4
100000,1536137714303,2.4758471825971914e-4
100500,1536137714688,2.4679159284960275e-4
101000,1536137715063,2.465914960645868e-4
101500,1536137715457,2.47405504701122e-4
102000,1536137715868,2.475802586368996e-4
102500,1536137716221,2.4608299345152277e-4
103000,1536137716595,2.4615640598767136e-4
103500,1536137717004,2.4662151356468517e-4
104000,1536137717390,2.4591810204807954e-4
104500,1536137717799,2.4618212159852054e-4
105000,1536137718171,2.468383432884876e-4
105500,1536137718553,2.4609859141155773e-4
106000,1536137718913,2.477023230068076e-4
106500,1536137719292,2.474084106004348e-4
107000,1536137719675,2.4652394564904655e-4
107500,1536137720065,2.466330223935075e-4
108000,1536137720486,2.488281249271988e-4
108500,1536137720863,2.472744785201448e-4
109000,1536137721232,2.4654755445186437e-4
109500,1536137721634,2.4746298326896126e-4
110000,1536137722041,2.4655959747036754e-4
110500,1536137722485,2.455640339536934e-4
111000,1536137722859,2.472076980534639e-4
111500,1536137723251,2.4765203777577866e-4
112000,1536137723644,2.4662290284159505e-4
112500,1536137724012,2.464429259316719e-4
113000,1536137724376,2.4689813085218765e-4
113500,1536137724808,2.483169767849576e-4
114000,1536137725186,2.4748165660276844e-4
114500,1536137725575,2.480666906030595e-4
115000,1536137726000,2.4676979754342527e-4
115500,1536137726415,2.4709940255386484e-4
116000,1536137726806,2.4804783704264943e-4
116500,1536137727245,2.4829656834138053e-4
117000,1536137727637,2.4814290766817665e-4
117500,1536137728036,2.471886685687208e-4
118000,1536137728457,2.479824000589774e-4
118500,1536137728837,2.4718112043439316e-4
119000,1536137729223,2.4746544325660085e-4
119500,1536137729618,2.4781092334768965e-4
120000,1536137730006,2.482321888234147e-4
120500,1536137730369,2.4816427077138035e-4
121000,1536137730726,2.472406027991674e-4
121500,1536137731099,2.4738557192374337e-4
122000,1536137731495,2.4812044212363415e-4
122500,1536137731858,2.4695882037326176e-4
123000,1536137732221,2.482229099464882e-4
123500,1536137732628,2.477463891079793e-4
124000,1536137733058,2.483194899522551e-4
124500,1536137733456,2.4907276113483797e-4
125000,1536137733861,2.485506035159718e-4
125500,1536137734250,2.491887982635937e-4
126000,1536137734649,2.4857640367955845e-4
126500,1536137735033,2.506855763447066e-4
127000,1536137735428,2.4916413123180354e-4
127500,1536137735824,2.4866482475847804e-4
128000,1536137736227,2.486925160614972e-4
128500,1536137736661,2.493484796070562e-4
129000,1536137737127,2.4921975883744e-4
129500,1536137737478,2.5063229726003954e-4
130000,1536137737866,2.50748406433656e-4
130500,1536137738274,2.488802965914654e-4
131000,1536137738632,2.492475109916127e-4
131500,1536137739006,2.490175998869897e-4
132000,1536137739395,2.503630438834768e-4
132500,1536137739805,2.4882742786554277e-4
133000,1536137740161,2.5153201245116434e-4
133500,1536137740538,2.502833573899706e-4
134000,1536137740972,2.499342653118076e-4
134500,1536137741431,2.4981292457099976e-4
135000,1536137741830,2.50622980858764e-4
135500,1536137742196,2.512731526856604e-4
136000,1536137742571,2.507893892318598e-4
136500,1536137742988,2.49957913113591e-4
137000,1536137743358,2.502336170550983e-4
137500,1536137743727,2.502697856045912e-4
138000,1536137744115,2.510504259119476e-4
138500,1536137744516,2.5186359895084027e-4
139000,1536137744874,2.513382850014959e-4
139500,1536137745273,2.5107023509772785e-4
140000,1536137745658,2.523677032607101e-4
140500,1536137746031,2.511494913886207e-4
141000,1536137746401,2.509725199791056e-4
141500,1536137746778,2.5099212367976246e-4
142000,1536137747154,2.5218825886551743e-4
142500,1536137747557,2.521372625852214e-4
143000,1536137747934,2.5332139264136266e-4
143500,1536137748325,2.5258731254004384e-4
144000,1536137748684,2.533521468493729e-4
144500,1536137749072,2.523269495997693e-4
145000,1536137749441,2.527879970644747e-4
145500,1536137749803,2.5344381786575153e-4
146000,1536137750200,2.530564748335292e-4
146500,1536137750592,2.5302202934926926e-4
147000,1536137750983,2.5350978262156474e-4
147500,1536137751379,2.563189147208349e-4
148000,1536137751785,2.549056787425485e-4
148500,1536137752198,2.539293206942575e-4
149000,1536137752600,2.5390828925195573e-4
149500,1536137752984,2.54113187503852e-4
150000,1536137753370,2.5416918401580834e-4
150500,1536137753743,2.5482981974703234e-4
151000,1536137754161,2.539322241828278e-4
151500,1536137754496,2.542251302453322e-4
152000,1536137754851,2.549858926348091e-4
152500,1536137755245,2.5608341481481005e-4
153000,1536137755636,2.5526337751881426e-4
153500,1536137755996,2.561275065272511e-4
154000,1536137756359,2.571572101452225e-4
154500,1536137756754,2.5665509246870056e-4
155000,1536137757126,2.588835035117653e-4
155500,1536137757513,2.565985078468493e-4
156000,1536137757915,2.572898194070267e-4
156500,1536137758310,2.574315179297623e-4
157000,1536137758688,2.571637403860273e-4
157500,1536137759063,2.584751263513334e-4
158000,1536137759429,2.5860926173741584e-4
158500,1536137759816,2.590092043455263e-4
159000,1536137760239,2.599749876942838e-4
159500,1536137760651,2.6005696918820315e-4
160000,1536137761030,2.585994852223881e-4
160500,1536137761398,2.5858608358635024e-4
161000,1536137761782,2.5864279666812763e-4
161500,1536137762156,2.604173932863244e-4
162000,1536137762531,2.5886347408359743e-4
162500,1536137762890,2.5931152381197895e-4
163000,1536137763256,2.62237042562616e-4
163500,1536137763597,2.6032514109257415e-4
164000,1536137763944,2.6206282752182756e-4
164500,1536137764340,2.6094405157764145e-4
165000,1536137764738,2.600189991867282e-4
165500,1536137765109,2.6027713068682264e-4
166000,1536137765509,2.613892479089749e-4
166500,1536137765916,2.6163792799917664e-4
167000,1536137766314,2.609109702588089e-4
167500,1536137766719,2.6338990036667406e-4
168000,1536137767141,2.622640767148181e-4
168500,1536137767519,2.62926864530958e-4
169000,1536137767934,2.6351367466294345e-4
169500,1536137768307,2.6338842991906745e-4
170000,1536137768677,2.633820357940124e-4
170500,1536137769084,2.631567935701466e-4
171000,1536137769471,2.634456829771267e-4
171500,1536137769874,2.6486203569035365e-4
172000,1536137770256,2.653150207778183e-4
172500,1536137770632,2.641316626660751e-4
173000,1536137771075,2.6556835694486347e-4
173500,1536137771507,2.6827006790477255e-4
174000,1536137771961,2.65581974097256e-4
174500,1536137772426,2.662886324254777e-4
175000,1536137772801,2.677671274556558e-4
175500,1536137773198,2.6828022548540707e-4
176000,1536137773617,2.693488137064377e-4
176500,1536137774002,2.671910631638186e-4
177000,1536137774421,2.684248870615905e-4
177500,1536137774809,2.6864965459040167e-4
178000,1536137775208,2.6964084711111604e-4
178500,1536137775602,2.689539176470492e-4
179000,1536137776056,2.7040381539023044e-4
179500,1536137776430,2.7106877905530536e-4
180000,1536137776798,2.697699546693934e-4
180500,1536137777159,2.714019555592573e-4
181000,1536137777532,2.725015084169773e-4
181500,1536137777938,2.7200091079775395e-4
182000,1536137778345,2.724238298922311e-4
182500,1536137778725,2.7330819079687314e-4
183000,1536137779116,2.724021738955483e-4
183500,1536137779460,2.7386623011965244e-4
184000,1536137779872,2.7367177359985254e-4
184500,1536137780300,2.741577750969784e-4
185000,1536137780694,2.751079028183309e-4
185500,1536137781085,2.7701519750012354e-4
186000,1536137781441,2.7650516420513514e-4
186500,1536137781829,2.749574701331007e-4
187000,1536137782190,2.776137627497607e-4
187500,1536137782513,2.765775876398518e-4
188000,1536137782856,2.803208715115991e-4
188500,1536137783282,2.7962952212286636e-4
189000,1536137783679,2.781731923787745e-4
189500,1536137784068,2.8010938805735953e-4
190000,1536137784446,2.811285048055591e-4
190500,1536137784851,2.7982310653535574e-4
191000,1536137785245,2.8119874927825817e-4
191500,1536137785641,2.809508108426841e-4
192000,1536137786030,2.8311109699313695e-4
192500,1536137786397,2.832754640914314e-4
193000,1536137786764,2.8342831906388866e-4
193500,1536137787110,2.8392316270378014e-4
194000,1536137787475,2.859875403702042e-4
194500,1536137787864,2.8728841506863573e-4
195000,1536137788250,2.861123374827215e-4
195500,1536137788635,2.869906529833921e-4
196000,1536137789019,2.887790637997645e-4
196500,1536137789437,2.897907396911417e-4
197000,1536137789842,2.9141823038072247e-4
197500,1536137790240,2.904076772594913e-4
198000,1536137790654,2.921322728616293e-4
198500,1536137791023,2.9007527502850793e-4
199000,1536137791424,2.97367992594696e-4
199500,1536137791817,2.9255265919500236e-4
200000,1536137792187,2.924728180868671e-4
200500,1536137792559,2.9341177714909967e-4
201000,1536137792935,2.959668653951745e-4
201500,1536137793353,2.953838185446303e-4
202000,1536137793760,2.988502621660901e-4
202500,1536137794146,2.973755297707852e-4
203000,1536137794532,2.9769920790717456e-4
203500,1536137794898,2.9797187191537444e-4
204000,1536137795268,2.9834815963435314e-4
204500,1536137795672,3.002785801940025e-4
205000,1536137796094,3.0395892551905734e-4
205500,1536137796498,3.0214470316013614e-4
206000,1536137796854,3.0272315728956887e-4
206500,1536137797201,3.045836006127864e-4
207000,1536137797594,3.0530022370435625e-4
207500,1536137798031,3.0482893757240653e-4
208000,1536137798458,3.0673836124771406e-4
208500,1536137798883,3.065367493276211e-4
209000,1536137799281,3.0906681191040933e-4
209500,1536137799662,3.0918910259572957e-4
210000,1536137800044,3.144336145976007e-4
210500,1536137800399,3.119339479691976e-4
211000,1536137800773,3.1244560378706403e-4
211500,1536137801150,3.144597067232669e-4
212000,1536137801555,3.1457010978140854e-4
212500,1536137801921,3.1679786467791093e-4
213000,1536137802302,3.163165189933278e-4
213500,1536137802688,3.1831285931471385e-4
214000,1536137803097,3.2014886913390495e-4
214500,1536137803500,3.207490678095154e-4
215000,1536137803851,3.243463331788332e-4
215500,1536137804231,3.217726692413553e-4
216000,1536137804604,3.2541831448660224e-4
216500,1536137804959,3.258163637471936e-4
217000,1536137805348,3.271585000176536e-4
217500,1536137805713,3.2826739858089196e-4
218000,1536137806111,3.2792917559134954e-4
218500,1536137806464,3.3032517954342756e-4
219000,1536137806799,3.3183594258104446e-4
219500,1536137807183,3.314249667873864e-4
220000,1536137807586,3.338051434602966e-4
220500,1536137807964,3.3777814957438066e-4
221000,1536137808299,3.371965563914397e-4
221500,1536137808656,3.3738842815825325e-4
222000,1536137809063,3.393360182871488e-4
222500,1536137809448,3.401180510978986e-4
223000,1536137809837,3.42025041193488e-4
223500,1536137810258,3.43866731481626e-4
224000,1536137810692,3.447950580100916e-4
224500,1536137811071,3.4623357742049823e-4
225000,1536137811455,3.4722106977262197e-4
225500,1536137811856,3.524125886755423e-4
226000,1536137812257,3.51537776125384e-4
226500,1536137812675,3.6211580976319745e-4
227000,1536137813097,3.5328713045636433e-4
227500,1536137813495,3.5560773687934885e-4
228000,1536137813913,3.5792420703758794e-4
228500,1536137814319,3.5831843037111623e-4
229000,1536137814712,3.6444421276102875e-4
229500,1536137815128,3.622138574365982e-4
230000,1536137815491,3.6637161250021346e-4
230500,1536137815843,3.686545434521732e-4
231000,1536137816216,3.67399797690865e-4
231500,1536137816608,3.684686506285131e-4
232000,1536137816973,3.71976776125087e-4
232500,1536137817343,3.7386425270712813e-4
233000,1536137817703,3.7695896172669247e-4
233500,1536137818101,3.7640176328307e-4
234000,1536137818470,3.809179449804002e-4
234500,1536137818859,3.80065410222188e-4
235000,1536137819245,3.8445728655753887e-4
235500,1536137819626,3.8486398064375705e-4
236000,1536137820008,3.8845796375346824e-4
236500,1536137820421,3.8991736008774997e-4
237000,1536137820812,3.9087557713032595e-4
237500,1536137821186,3.930249867436458e-4
238000,1536137821586,3.9490712644786423e-4
238500,1536137821960,3.9980189502449e-4
239000,1536137822321,4.001613976017747e-4
239500,1536137822701,4.018628429476575e-4
240000,1536137823051,4.038427138562034e-4
240500,1536137823435,4.0592068640960606e-4
241000,1536137823844,4.092654070435227e-4
241500,1536137824216,4.1060137171463934e-4
242000,1536137824594,4.1720372203235296e-4
242500,1536137824933,4.1453099314780215e-4
243000,1536137825337,4.1726067493833187e-4
243500,1536137825741,4.188132583134321e-4
244000,1536137826136,4.213225037882896e-4
244500,1536137826543,4.2974029086584624e-4
245000,1536137826959,4.323843422930126e-4
245500,1536137827337,4.3002221568164324e-4
246000,1536137827697,4.321220882668607e-4
246500,1536137828067,4.3433697564416345e-4
247000,1536137828467,4.370695410561416e-4
247500,1536137828845,4.384724583617429e-4
248000,1536137829208,4.409849172136401e-4
248500,1536137829591,4.461753713148635e-4
249000,1536137829952,4.4658418008186867e-4
249500,1536137830302,4.4991509125960247e-4
250000,1536137830693,4.5125045905059993e-4
250500,1536137831084,4.561153131619044e-4
251000,1536137831485,4.55391042801249e-4
251500,1536137831860,4.6227838064328175e-4
252000,1536137832274,4.6092050276839465e-4
252500,1536137832651,4.6518775030914597e-4
253000,1536137833062,4.6978687505494217e-4
253500,1536137833461,4.7690669020307333e-4
254000,1536137833849,4.703037316345616e-4
254500,1536137834226,4.740377980066711e-4
255000,1536137834624,4.767976433274452e-4
255500,1536137835004,4.796742338531567e-4
256000,1536137835395,4.812811568687385e-4
256500,1536137835805,4.8482498357944935e-4
257000,1536137836176,4.87651979553195e-4
257500,1536137836550,4.906976602389467e-4
258000,1536137836931,4.92267779797485e-4
258500,1536137837319,4.971360745794438e-4
259000,1536137837711,4.975633737640047e-4
259500,1536137838075,5.025458122705443e-4
260000,1536137838481,5.134935087267959e-4
260500,1536137838861,5.042984979075231e-4
261000,1536137839259,5.079923133417871e-4
261500,1536137839656,5.095769231450714e-4
262000,1536137840042,5.143034568250239e-4
262500,1536137840441,5.14910959042239e-4
263000,1536137840802,5.23217908768409e-4
263500,1536137841144,5.191044202676935e-4
264000,1536137841493,5.245991287379433e-4
264500,1536137841875,5.307971935316543e-4
265000,1536137842267,5.357048412381632e-4
265500,1536137842623,5.401580378080541e-4
266000,1536137842988,5.343717815695677e-4
266500,1536137843339,5.365885926232508e-4
267000,1536137843723,5.379605710206194e-4
267500,1536137844127,5.416367038030951e-4
268000,1536137844523,5.437453170249251e-4
268500,1536137844906,5.436933347365149e-4
269000,1536137845331,5.57413126910634e-4
269500,1536137845735,5.585392544595124e-4
270000,1536137846125,5.555554688946047e-4
270500,1536137846514,5.561054963292402e-4
271000,1536137846867,5.571091718855452e-4
271500,1536137847248,5.591049579885139e-4
272000,1536137847616,5.627510353173081e-4
272500,1536137847983,5.643891181807006e-4
273000,1536137848363,5.675419882750783e-4
273500,1536137848738,5.699678143264914e-4
274000,1536137849111,5.712037425304435e-4
274500,1536137849498,5.788624575295304e-4
275000,1536137849844,5.771676077794428e-4
275500,1536137850242,6.055478605356469e-4
276000,1536137850630,5.795652795332451e-4
276500,1536137850984,5.828696400327083e-4
277000,1536137851402,5.846442802149526e-4
277500,1536137851785,5.901988214361304e-4
278000,1536137852172,5.873722342689047e-4
278500,1536137852550,5.919838720565646e-4
279000,1536137852949,5.919773790383932e-4
279500,1536137853340,5.943121941288123e-4
280000,1536137853734,5.977274537515062e-4
280500,1536137854127,5.984459310311655e-4
281000,1536137854504,5.99398882918215e-4
281500,1536137854898,6.043888342526554e-4
282000,1536137855303,6.045347939853044e-4
282500,1536137855716,6.083705209865359e-4
283000,1536137856098,6.139132777923644e-4
283500,1536137856483,6.090211047125485e-4
284000,1536137856861,6.124734428828166e-4
284500,1536137857262,6.163135524221692e-4
285000,1536137857665,6.122759301869116e-4
285500,1536137858065,6.184028774808069e-4
286000,1536137858463,6.188065413934666e-4
286500,1536137858853,6.31696255573637e-4
287000,1536137859200,6.187088461581143e-4
287500,1536137859554,6.219524431180517e-4
288000,1536137859937,6.195020310640466e-4
288500,1536137860284,6.212484458555183e-4
289000,1536137860710,6.321451280994116e-4
289500,1536137861074,6.327170647168128e-4
290000,1536137861421,6.256802021115398e-4
290500,1536137861778,6.279553751657118e-4
291000,1536137862172,6.284885441863136e-4
291500,1536137862542,6.314353987620521e-4
292000,1536137862939,6.308911008651518e-4
292500,1536137863311,6.438173444410902e-4
293000,1536137863694,6.381046236489836e-4
293500,1536137864142,6.29149342245766e-4
294000,1536137864540,6.303151272461159e-4
294500,1536137864970,6.30294929562957e-4
295000,1536137865342,6.379163997138228e-4
295500,1536137865706,6.296491480047889e-4
296000,1536137866072,6.359603939714576e-4
296500,1536137866480,6.317490671444946e-4
297000,1536137866888,6.287673068623935e-4
297500,1536137867253,6.314686207018104e-4
298000,1536137867619,6.268482946174348e-4
298500,1536137868016,6.498797455627315e-4
299000,1536137868382,6.267004932246286e-4
299500,1536137868762,6.272377249518724e-4
300000,1536137869145,6.262401309890917e-4
300500,1536137869530,6.220225218217219e-4
301000,1536137869943,6.211197289831367e-4
301500,1536137870370,6.313665497361027e-4
302000,1536137870747,6.19508885226235e-4
302500,1536137871129,6.148309323691356e-4
303000,1536137871498,6.207682304272433e-4
303500,1536137871910,6.061589424801349e-4
304000,1536137872270,6.084011490218961e-4
304500,1536137872651,5.971898496145074e-4
305000,1536137873026,5.986079800994236e-4
305500,1536137873425,5.851839519855923e-4
306000,1536137873797,5.752390877797496e-4
306500,1536137874223,5.811994555851368e-4
307000,1536137874674,5.578723493143928e-4
307500,1536137875024,5.4357473459561e-4
308000,1536137875367,5.291370975441689e-4
308500,1536137875746,5.312340594500143e-4
309000,1536137876099,5.076519609985039e-4
309500,1536137876478,5.19661630809929e-4
310000,1536137876879,5.022101567655823e-4
310500,1536137877252,5.04879849877267e-4
311000,1536137877621,4.908405218050362e-4
311500,1536137877977,5.026905037971287e-4
312000,1536137878348,4.930397508292539e-4
312500,1536137878736,5.077670602841621e-4
313000,1536137879150,4.883781258507246e-4
313500,1536137879565,4.943566932278763e-4
314000,1536137879937,4.8739807955111976e-4
314500,1536137880317,4.902728781935495e-4
315000,1536137880685,4.929472396831455e-4
315500,1536137881085,4.903748745117895e-4
316000,1536137881486,4.894223386323489e-4
316500,1536137881884,4.87187016243514e-4
317000,1536137882232,4.951024315688141e-4
317500,1536137882594,4.989677274484666e-4
318000,1536137882959,5.033690852237544e-4
318500,1536137883382,5.025200479703948e-4
319000,1536137883794,4.8773599163957974e-4
319500,1536137884178,4.968012017289496e-4
320000,1536137884568,4.8631235539650354e-4
320500,1536137884968,4.912584527230673e-4
321000,1536137885319,4.931935671496747e-4
321500,1536137885667,4.871181052581064e-4
322000,1536137886018,4.872274343303773e-4
322500,1536137886400,4.916753165285643e-4
323000,1536137886778,4.887436838746993e-4
323500,1536137887166,4.910194130300667e-4
324000,1536137887549,4.922584265573025e-4
324500,1536137887961,4.90139485072524e-4
325000,1536137888349,4.8592941814375824e-4
325500,1536137888712,4.8793280172757235e-4
326000,1536137889142,4.879597508194709e-4
326500,1536137889573,4.88291378052894e-4
327000,1536137889982,4.862552795908572e-4
327500,1536137890375,4.8671956414903677e-4
328000,1536137890749,4.901321958452929e-4
328500,1536137891140,4.873722565680257e-4
329000,1536137891535,4.947013169369489e-4
329500,1536137891873,4.935999063493038e-4
330000,1536137892256,4.892593582564898e-4
330500,1536137892649,4.940105994581423e-4
331000,1536137893051,4.887441595636104e-4
331500,1536137893439,4.906687442623849e-4
332000,1536137893831,4.887939172072261e-4
332500,1536137894232,4.862041030550555e-4
333000,1536137894599,4.866033543417663e-4
333500,1536137895002,4.891836364190861e-4
334000,1536137895382,4.888209147599446e-4
334500,1536137895770,4.877541921094178e-4
335000,1536137896167,5.011308547547323e-4
335500,1536137896553,4.996401298288943e-4
336000,1536137896930,4.8619918550239235e-4
336500,1536137897293,4.930935460366003e-4
337000,1536137897659,4.8552859342712275e-4
337500,1536137898044,4.951231168085243e-4
338000,1536137898415,4.883818725296554e-4
338500,1536137898772,4.879544653320508e-4
339000,1536137899152,4.891916336644688e-4
339500,1536137899517,4.873882621213515e-4
340000,1536137899915,4.8725561219441286e-4
340500,1536137900280,4.8502620030352003e-4
341000,1536137900666,4.856615566220129e-4
341500,1536137901005,4.976883468906471e-4
342000,1536137901406,4.977977285637691e-4
342500,1536137901796,4.855269224384032e-4
343000,1536137902122,4.952917878832587e-4
343500,1536137902522,4.865673122898691e-4
344000,1536137902889,4.904292712593495e-4
344500,1536137903250,4.937404059367012e-4
345000,1536137903631,4.8821386543498624e-4
345500,1536137904028,4.8770647122304514e-4
346000,1536137904415,4.893035007785859e-4
346500,1536137904798,4.922926796017688e-4
347000,1536137905222,4.877626108688394e-4
347500,1536137905608,4.967280444797266e-4
348000,1536137906029,5.168400370200087e-4
348500,1536137906447,4.86636129921423e-4
349000,1536137906830,4.856812743598148e-4
349500,1536137907181,4.960290209475316e-4
350000,1536137907535,4.939104429929549e-4
350500,1536137907908,4.8758496797508274e-4
351000,1536137908331,4.873051298477268e-4
351500,1536137908731,4.8811522588401306e-4
352000,1536137909118,4.861889337550208e-4
352500,1536137909499,4.884294984733799e-4
353000,1536137909866,4.879705643682566e-4
353500,1536137910265,4.944375231004882e-4
354000,1536137910630,4.910482634428977e-4
354500,1536137910993,4.892029390474058e-4
355000,1536137911375,4.99995797286265e-4
355500,1536137911744,4.883386408582439e-4
356000,1536137912127,4.899215018013391e-4
356500,1536137912507,4.851140941680136e-4
357000,1536137912885,4.877401155635467e-4
357500,1536137913279,4.915728537258867e-4
358000,1536137913670,4.904509335272127e-4
358500,1536137914064,4.897182069920509e-4
359000,1536137914428,4.857678169104139e-4
359500,1536137914796,4.884717208221582e-4
360000,1536137915193,4.923821698655244e-4
360500,1536137915574,4.8735746959097163e-4
361000,1536137915978,4.905391139231488e-4
361500,1536137916405,4.877638485732599e-4
362000,1536137916849,4.863975235793613e-4
362500,1536137917210,4.889451848973839e-4
363000,1536137917605,4.8609216803562066e-4
363500,1536137918023,4.868874549229221e-4
364000,1536137918409,4.858787035044856e-4
364500,1536137918790,4.8725545837511133e-4
365000,1536137919140,4.8521571240041665e-4
365500,1536137919525,4.947131687129954e-4
366000,1536137919921,4.957089975494732e-4
366500,1536137920360,4.927488348909816e-4
367000,1536137920806,5.025634390663943e-4
367500,1536137921207,4.8566770595688503e-4
368000,1536137921652,4.870904420675185e-4
368500,1536137922033,4.8824554280217517e-4
369000,1536137922404,4.936039334011116e-4
369500,1536137922719,4.860690565305068e-4
370000,1536137923111,4.983266533481191e-4
370500,1536137923482,4.85755013964553e-4
371000,1536137923862,4.8768640939788867e-4
371500,1536137924287,4.941199560160719e-4
372000,1536137924668,5.070423408763579e-4
372500,1536137925098,4.911827443968574e-4
373000,1536137925487,4.97281267979169e-4
373500,1536137925853,5.081845326502267e-4
374000,1536137926237,4.938156458468827e-4
374500,1536137926612,4.872175464782971e-4
375000,1536137926994,5.17497438708762e-4
375500,1536137927354,5.009245160043877e-4
376000,1536137927787,5.019467641489441e-4
376500,1536137928194,4.892525457386646e-4
377000,1536137928537,4.889045899479866e-4
377500,1536137928921,4.979258411241649e-4
378000,1536137929291,4.862878202617287e-4
378500,1536137929672,5.075815230830103e-4
379000,1536137930053,4.894214917128367e-4
379500,1536137930428,4.975550893261806e-4
380000,1536137930838,4.903653810199236e-4
380500,1536137931263,4.874059340635223e-4
381000,1536137931628,4.893596693663238e-4
381500,1536137932009,4.919387992977672e-4
382000,1536137932383,4.8582066247968323e-4
382500,1536137932763,4.993474645445557e-4
383000,1536137933196,4.932455205779347e-4
383500,1536137933594,4.878864897813844e-4
384000,1536137933963,4.897599374258726e-4
384500,1536137934327,5.016031537983341e-4
385000,1536137934689,4.867836638643469e-4
385500,1536137935040,5.058662709756242e-4
386000,1536137935389,4.94950568896727e-4
386500,1536137935754,4.870833262605439e-4
387000,1536137936143,5.025437400055624e-4
387500,1536137936527,4.963044821368745e-4
388000,1536137936940,4.908586328107054e-4
388500,1536137937318,4.96258827609741e-4
389000,1536137937720,4.890726676818122e-4
389500,1536137938125,4.985403087844652e-4
390000,1536137938551,4.908502713551985e-4
390500,1536137938920,5.016083000172865e-4
391000,1536137939294,5.014776149155364e-4
391500,1536137939693,4.934789305000187e-4
392000,1536137940051,4.860505749831615e-4
392500,1536137940433,4.8567144526650457e-4
393000,1536137940824,4.8813226934179616e-4
393500,1536137941234,5.087930745668231e-4
394000,1536137941636,5.012804016195319e-4
394500,1536137942009,4.857902147727414e-4
395000,1536137942379,4.8655902738811046e-4
395500,1536137942765,4.882483452895207e-4
396000,1536137943205,4.947800621389983e-4
396500,1536137943606,4.984478226284625e-4
397000,1536137943976,4.943783687292306e-4
397500,1536137944374,5.072476837756597e-4
398000,1536137944777,4.868740517081584e-4
398500,1536137945184,4.895614490370839e-4
399000,1536137945573,4.899513053597031e-4
399500,1536137945940,5.067528184775315e-4
400000,1536137946342,4.86435029015755e-4
400500,1536137946743,4.902115495690668e-4
401000,1536137947135,4.862752490083176e-4
401500,1536137947522,4.919618543347993e-4
402000,1536137947905,5.022271305997241e-4
402500,1536137948309,5.029534145633894e-4
403000,1536137948706,5.126057339078215e-4
403500,1536137949082,4.855220016084029e-4
404000,1536137949457,5.051023876415305e-4
404500,1536137949859,4.982379623344463e-4
405000,1536137950222,4.940057337327479e-4
405500,1536137950631,4.925765856577167e-4
406000,1536137951033,4.877018631869824e-4
406500,1536137951462,4.920311026750214e-4
407000,1536137951826,4.860237356870126e-4
407500,1536137952239,4.8769732643562554e-4
408000,1536137952592,4.887076839926466e-4
408500,1536137952971,4.940253620976851e-4
409000,1536137953344,4.8766142605547185e-4
409500,1536137953726,4.8773122462708645e-4
410000,1536137954112,4.910029522526535e-4
410500,1536137954498,4.900011435845337e-4
411000,1536137954862,4.877856369828427e-4
411500,1536137955207,4.870903204349225e-4
412000,1536137955585,4.911005173802019e-4
412500,1536137955952,4.8798999486380086e-4
413000,1536137956282,4.975339656921261e-4
413500,1536137956643,4.8673761455247754e-4
414000,1536137957039,4.8653180285254417e-4
414500,1536137957440,4.871270760999458e-4
415000,1536137957808,4.88486134528425e-4
415500,1536137958176,5.028352984465774e-4
416000,1536137958544,4.89699236353414e-4
416500,1536137958956,4.8739727041589886e-4
417000,1536137959390,5.049494729110772e-4
417500,1536137959824,4.947971818289456e-4
418000,1536137960212,4.933411884338933e-4
418500,1536137960616,4.8804817640850156e-4
419000,1536137961013,4.996918763997358e-4
419500,1536137961447,4.890286905025477e-4
420000,1536137961808,4.865929696824734e-4
420500,1536137962221,4.861191867368841e-4
421000,1536137962612,4.8817927617500744e-4
421500,1536137962979,4.882869674117729e-4
422000,1536137963343,4.8595290919785584e-4
422500,1536137963697,4.878030967532205e-4
423000,1536137964097,4.93881530267137e-4
423500,1536137964507,4.906715017328444e-4
424000,1536137964905,4.864169792610465e-4
424500,1536137965248,4.852546375164102e-4
425000,1536137965647,4.8816212748784845e-4
425500,1536137966112,5.028052806263861e-4
426000,1536137966499,4.889672275610524e-4
426500,1536137966890,4.975413325227704e-4
427000,1536137967284,4.908310198619944e-4
427500,1536137967668,4.867924506989002e-4
428000,1536137968023,4.871020815349547e-4
428500,1536137968379,5.097683866431063e-4
429000,1536137968752,4.871560808490028e-4
429500,1536137969147,4.937003035238985e-4
430000,1536137969506,4.929516062848889e-4
430500,1536137969886,4.865620200456807e-4
431000,1536137970274,4.8571255089342746e-4
431500,1536137970666,4.900689881533878e-4
432000,1536137971081,4.906840446335746e-4
432500,1536137971476,4.86047726358187e-4
433000,1536137971856,4.893987932084249e-4
433500,1536137972234,4.883558786841188e-4
434000,1536137972668,4.8727873645171055e-4
434500,1536137973076,4.913385371673076e-4
435000,1536137973422,4.953059205454521e-4
435500,1536137973813,4.885837903315137e-4
436000,1536137974219,4.893259212524384e-4
436500,1536137974612,4.8803066222108106e-4
437000,1536137974982,5.280645218004661e-4
437500,1536137975342,4.925811816035245e-4
438000,1536137975699,4.913110074517263e-4
438500,1536137976086,4.858258201659261e-4
439000,1536137976449,4.8660903425300304e-4
439500,1536137976847,4.937142601400705e-4
440000,1536137977236,4.866308525166498e-4
440500,1536137977593,4.904842524124058e-4
441000,1536137977998,5.083681691422055e-4
441500,1536137978418,4.872067318788702e-4
442000,1536137978822,4.869762860783131e-4
442500,1536137979212,4.86814849377335e-4
443000,1536137979617,4.919297107048149e-4
443500,1536137980054,4.942531698940259e-4
444000,1536137980461,4.909868653731335e-4
444500,1536137980879,4.923556005533615e-4
445000,1536137981292,4.919400163440694e-4
445500,1536137981662,4.898445777074273e-4
446000,1536137982013,4.8812713121807225e-4
446500,1536137982372,4.864301776307778e-4
447000,1536137982802,4.891404055775789e-4
447500,1536137983192,4.8649222932193995e-4
448000,1536137983571,4.974615542769934e-4
448500,1536137983962,5.041120945817496e-4
449000,1536137984314,5.005616174822972e-4
449500,1536137984717,4.889316692401494e-4
450000,1536137985069,4.863494184818644e-4
450500,1536137985434,4.8757865995919603e-4
451000,1536137985837,4.8717244295346266e-4
451500,1536137986188,4.926724346355585e-4
452000,1536137986541,4.90764177413808e-4
452500,1536137986941,4.8737894010929646e-4
453000,1536137987317,4.939527231422357e-4
453500,1536137987698,4.8821235586290557e-4
454000,1536137988086,4.924034936846503e-4
454500,1536137988441,5.074720902836453e-4
455000,1536137988853,4.8792402808147143e-4
455500,1536137989225,4.8764106922440955e-4
456000,1536137989615,4.870218939108886e-4
456500,1536137989985,4.868224958266803e-4
457000,1536137990382,4.891614989528471e-4
457500,1536137990740,4.879308795139848e-4
458000,1536137991111,4.943595061580752e-4
458500,1536137991502,4.990360554783276e-4
459000,1536137991872,4.873359884437637e-4
459500,1536137992234,4.8716838719443174e-4
460000,1536137992602,4.8816413845606494e-4
460500,1536137992976,4.904513378498729e-4
461000,1536137993372,4.995121937712472e-4
461500,1536137993749,4.888077481428409e-4
462000,1536137994125,4.897876914247642e-4
462500,1536137994486,4.906501484268262e-4
463000,1536137994876,5.048201577580796e-4
463500,1536137995287,4.964219272557317e-4
464000,1536137995709,4.883942644993746e-4
464500,1536137996106,5.023707095758501e-4
465000,1536137996486,4.885544209457953e-4
465500,1536137996860,5.20761554361326e-4
466000,1536137997223,4.971879088634674e-4
466500,1536137997617,4.911784413657436e-4
467000,1536137997956,4.8682281627067717e-4
467500,1536137998333,4.906366344228402e-4
468000,1536137998699,5.045991462625947e-4
468500,1536137999059,4.889625024577234e-4
469000,1536137999446,4.952462856893477e-4
469500,1536137999792,4.86883316876036e-4
470000,1536138000180,4.894375763108321e-4
470500,1536138000564,5.050578033838532e-4
471000,1536138000924,4.988611697308897e-4
471500,1536138001316,4.925657175890715e-4
472000,1536138001706,4.902451051726059e-4
472500,1536138002088,4.868931121012405e-4
473000,1536138002470,4.886993097116314e-4
473500,1536138002869,4.925807594324934e-4
474000,1536138003277,5.049935915554672e-4
474500,1536138003719,4.947844355688338e-4
475000,1536138004082,4.968432721036993e-4
475500,1536138004488,4.978552522837775e-4
476000,1536138004865,4.890369859736287e-4
476500,1536138005249,4.892629358831804e-4
477000,1536138005635,5.022038513897882e-4
477500,1536138005962,4.946968750953482e-4
478000,1536138006346,4.992143483345075e-4
478500,1536138006751,4.937912729224372e-4
479000,1536138007144,4.8756156501170264e-4
479500,1536138007510,4.875752530844097e-4
480000,1536138007896,5.296769043499274e-4
480500,1536138008263,4.969138573140279e-4
481000,1536138008629,4.879236275950661e-4
481500,1536138009001,4.889354331174237e-4
482000,1536138009370,4.952460434517525e-4
482500,1536138009734,4.879777290473566e-4
483000,1536138010100,4.960361570364979e-4
483500,1536138010449,4.966417820052142e-4
484000,1536138010803,5.041645266423085e-4
484500,1536138011210,4.974755944538613e-4
485000,1536138011560,4.960433080146016e-4
485500,1536138011943,5.00049692576208e-4
486000,1536138012353,4.87345957156627e-4
486500,1536138012708,4.932682833437844e-4
487000,1536138013084,4.942801168489778e-4
487500,1536138013498,4.898505680337978e-4
488000,1536138013865,4.898288885341642e-4
488500,1536138014254,4.892094283367012e-4
489000,1536138014657,4.877516512824943e-4
489500,1536138015037,4.910000261895655e-4
490000,1536138015410,4.902343625800108e-4
490500,1536138015765,4.8723825320770266e-4
491000,1536138016145,4.95248153133009e-4
491500,1536138016525,4.887581512584274e-4
492000,1536138016867,4.88372192137319e-4
492500,1536138017244,5.068692280418797e-4
493000,1536138017594,4.8696210619820525e-4
493500,1536138017997,4.937243313958084e-4
494000,1536138018372,4.8789285730590137e-4
494500,1536138018781,4.929433964532202e-4
495000,1536138019156,4.895990849111921e-4
495500,1536138019520,4.887134113662369e-4
496000,1536138019886,4.922459256922415e-4
496500,1536138020306,4.88514465553912e-4
497000,1536138020696,4.977890635974077e-4
497500,1536138021048,4.928061492290001e-4
498000,1536138021454,4.909407885864449e-4
498500,1536138021868,4.890249342037383e-4
499000,1536138022240,4.946281616752437e-4
499500,1536138022636,4.986170991014003e-4
500000,1536138023005,4.903235390857247e-4
500500,1536138023374,4.910163868029361e-4
501000,1536138023731,4.995179319221674e-4
501500,1536138024103,4.887178693865922e-4
502000,1536138024480,4.935405020844706e-4
502500,1536138024892,4.970407581741366e-4
503000,1536138025272,4.92115549752202e-4
503500,1536138025705,4.908291071921106e-4
504000,1536138026127,4.939259302536229e-4
504500,1536138026525,4.893776236500633e-4
505000,1536138026936,5.143636246245048e-4
505500,1536138027316,4.971566705789564e-4
506000,1536138027672,4.912148213576671e-4
506500,1536138028050,4.899123758004056e-4
507000,1536138028443,5.228641295122322e-4
507500,1536138028807,4.891549530329371e-4
508000,1536138029165,4.885683293865523e-4
508500,1536138029578,5.162539113788123e-4
509000,1536138029977,4.899398305502127e-4
509500,1536138030397,4.98674726593509e-4
510000,1536138030783,4.890748061818241e-4
510500,1536138031178,4.881430880542428e-4
511000,1536138031537,4.984980840674844e-4
511500,1536138031921,5.537843020661065e-4
512000,1536138032290,4.969261729253097e-4
512500,1536138032681,4.9394395616401e-4
513000,1536138033088,4.995332488752365e-4
513500,1536138033485,4.918323225437841e-4
514000,1536138033913,4.915388659511376e-4
514500,1536138034310,4.894163593681403e-4
515000,1536138034668,4.899043200486613e-4
515500,1536138035021,4.885282452743565e-4
516000,1536138035392,4.8793532021374516e-4
516500,1536138035751,5.062822995009142e-4
517000,1536138036112,4.929463339967238e-4
517500,1536138036473,4.984677341758228e-4
518000,1536138036817,4.894348326432856e-4
518500,1536138037202,5.037767979090249e-4
519000,1536138037574,4.894667066490637e-4
519500,1536138037956,4.920990206318844e-4
520000,1536138038350,4.925899477678602e-4
520500,1536138038704,4.937915957312921e-4
521000,1536138039091,4.938793240252091e-4
521500,1536138039466,4.930508063125369e-4
522000,1536138039838,4.907092579410153e-4
522500,1536138040202,4.880515675118439e-4
523000,1536138040565,4.902345613645795e-4
523500,1536138040946,4.891746761346534e-4
524000,1536138041327,5.075165616497385e-4
524500,1536138041727,4.898631266459288e-4
525000,1536138042070,4.88987923718052e-4
525500,1536138042448,5.047946872395551e-4
526000,1536138042847,4.924773702120726e-4
526500,1536138043245,4.89058819987876e-4
527000,1536138043604,4.924581983751907e-4
527500,1536138043999,4.962679397570114e-4
528000,1536138044378,4.909360914739563e-4
528500,1536138044804,4.971549108923445e-4
529000,1536138045218,4.893658075226171e-4
529500,1536138045669,4.899855892108844e-4
530000,1536138046044,5.174744660560613e-4
530500,1536138046405,4.905306020815268e-4
531000,1536138046798,4.900659658088025e-4
531500,1536138047208,5.102410315656181e-4
532000,1536138047586,5.115635196857255e-4
532500,1536138047920,4.889309919927633e-4
533000,1536138048296,5.050378199285719e-4
533500,1536138048671,4.985688527830075e-4
534000,1536138049040,4.899129873014497e-4
534500,1536138049448,4.95962985305088e-4
535000,1536138049908,4.961785586119788e-4
535500,1536138050296,4.885717576544148e-4
536000,1536138050684,4.966934400050336e-4
536500,1536138051056,4.910138406867834e-4
537000,1536138051440,4.920740573839493e-4
537500,1536138051840,4.899409891365598e-4
538000,1536138052252,4.915045588146157e-4
538500,1536138052633,4.983312969605698e-4
539000,1536138053012,4.933884747111753e-4
539500,1536138053390,5.021035470879125e-4
540000,1536138053800,4.907100980857558e-4
540500,1536138054197,4.902093854754578e-4
541000,1536138054540,4.920475173755246e-4
541500,1536138054953,4.896266344883322e-4
542000,1536138055345,4.9840916858249e-4
542500,1536138055717,5.041545503209396e-4
543000,1536138056077,4.883779315833276e-4
543500,1536138056447,4.9283098572433e-4
544000,1536138056854,4.899702465358015e-4
544500,1536138057270,4.906901810221767e-4
545000,1536138057651,4.902065166095718e-4
545500,1536138058043,4.902517001825997e-4
546000,1536138058393,4.915526308858793e-4
546500,1536138058771,4.892729370057302e-4
547000,1536138059166,4.922835450591492e-4
547500,1536138059539,4.918473703720669e-4
548000,1536138059914,4.921565535784478e-4
548500,1536138060272,4.978965189028882e-4
549000,1536138060626,4.919234599500807e-4
549500,1536138060981,4.885798302238949e-4
550000,1536138061343,5.092223013283562e-4
550500,1536138061717,4.909879614872748e-4
551000,1536138062099,4.916809482090779e-4
551500,1536138062467,4.923731649221052e-4
552000,1536138062845,4.889225129445389e-4
552500,1536138063223,4.916681209211285e-4
553000,1536138063576,4.974500402790294e-4
553500,1536138063923,4.895293751036058e-4
554000,1536138064275,5.058300188836423e-4
554500,1536138064648,4.946064001265534e-4
555000,1536138065044,4.932094941702556e-4
555500,1536138065468,4.89772947683515e-4
556000,1536138065863,4.901424880420096e-4
556500,1536138066225,4.927864847646129e-4
557000,1536138066616,4.943809631043664e-4
557500,1536138066991,4.914106194420622e-4
558000,1536138067396,4.95582162207173e-4
558500,1536138067770,4.918935637402911e-4
559000,1536138068150,4.895743053325877e-4
559500,1536138068523,4.999663705011309e-4
560000,1536138068899,4.894520679299579e-4
560500,1536138069273,4.915256797434623e-4
561000,1536138069648,4.964893530942654e-4
561500,1536138070024,4.908057562409751e-4
562000,1536138070411,4.922580318841878e-4
562500,1536138070818,4.918906141502975e-4
563000,1536138071176,4.905736345489994e-4
563500,1536138071544,4.948089621628586e-4
564000,1536138071895,4.94752722207647e-4
564500,1536138072294,4.977696944693863e-4
565000,1536138072672,4.902868769641859e-4
565500,1536138073093,4.897278469536055e-4
566000,1536138073478,4.895729296972186e-4
566500,1536138073863,4.918295608118869e-4
567000,1536138074263,4.891820132232551e-4
567500,1536138074630,4.973546202622983e-4
568000,1536138075034,5.013231906554144e-4
568500,1536138075404,4.992850171767252e-4
569000,1536138075771,5.125549845344858e-4
569500,1536138076180,4.991466930320112e-4
570000,1536138076568,5.020975324126631e-4
570500,1536138076918,4.938586819374205e-4
571000,1536138077272,4.897381501077753e-4
571500,1536138077619,4.919994127786587e-4
572000,1536138077944,4.956039521483242e-4
572500,1536138078298,4.908572326286123e-4
573000,1536138078668,4.948848078493814e-4
573500,1536138079087,4.942201395102007e-4
574000,1536138079475,4.910254038624904e-4
574500,1536138079899,4.917867722074118e-4
575000,1536138080271,4.968919761611129e-4
575500,1536138080641,4.921262398041402e-4
576000,1536138081138,4.895617879314538e-4
576500,1536138081546,4.896761082197507e-4
577000,1536138081936,4.947817683428987e-4
577500,1536138082327,4.926960828582929e-4
578000,1536138082720,4.916709089184498e-4
578500,1536138083110,4.949019707125298e-4
579000,1536138083505,4.927121986355463e-4
579500,1536138083900,4.913220938719452e-4
580000,1536138084303,4.897264438067861e-4
580500,1536138084707,5.208893598743881e-4
581000,1536138085102,4.95034380669942e-4
581500,1536138085553,4.965770159501375e-4
582000,1536138085967,4.965917938679235e-4
582500,1536138086352,4.893419525301412e-4
583000,1536138086738,5.011178956652169e-4
583500,1536138087153,4.940881359393487e-4
584000,1536138087508,4.917865028829298e-4
584500,1536138087880,4.979680244042679e-4
585000,1536138088269,4.906762412339398e-4
585500,1536138088640,4.961079917103687e-4
586000,1536138089023,4.904539321172493e-4
586500,1536138089393,4.913197783897418e-4
587000,1536138089790,4.999846399233596e-4
587500,1536138090201,4.941423487380068e-4
588000,1536138090597,5.185962986505972e-4
588500,1536138090971,4.917648615825107e-4
589000,1536138091368,4.949675034687101e-4
589500,1536138091739,4.955444607451966e-4
590000,1536138092149,4.911916694047954e-4
590500,1536138092522,4.921034919211664e-4
591000,1536138092885,4.952425103752008e-4
591500,1536138093283,4.90844152299828e-4
592000,1536138093687,4.908987007047669e-4
592500,1536138094078,4.914395645772559e-4
593000,1536138094463,5.033947810140411e-4
593500,1536138094922,4.970553040109887e-4
594000,1536138095304,5.069857977940627e-4
594500,1536138095684,4.916011539050177e-4
595000,1536138096040,4.955677574768272e-4
595500,1536138096424,4.918454112441776e-4
596000,1536138096817,4.907707768882247e-4
596500,1536138097199,4.946174021025881e-4
597000,1536138097568,4.927395517767062e-4
597500,1536138097925,5.008573076974764e-4
598000,1536138098298,4.944754436038483e-4
598500,1536138098691,5.07933360512242e-4
599000,1536138099086,4.958173890927278e-4
599500,1536138099457,4.917211032256347e-4
600000,1536138099842,4.921364990351178e-4
600500,1536138100245,4.960010993628345e-4
601000,1536138100618,4.940859739980194e-4
601500,1536138101007,4.953096269407685e-4
602000,1536138101384,5.069352282151342e-4
602500,1536138101751,4.927658061562996e-4
603000,1536138102114,4.970843870719423e-4
603500,1536138102478,4.910606759735567e-4
604000,1536138102866,4.963324252002235e-4
604500,1536138103207,4.906532556871589e-4
605000,1536138103576,4.941826466133022e-4
605500,1536138103941,4.923327297775108e-4
606000,1536138104331,5.001762513520382e-4
606500,1536138104752,4.925030361197758e-4
607000,1536138105167,4.984703143858496e-4
607500,1536138105547,4.987515732041198e-4
608000,1536138105968,5.154631452759711e-4
608500,1536138106346,4.915665024048807e-4
609000,1536138106672,5.00739858839544e-4
609500,1536138107039,4.913607271736771e-4
610000,1536138107426,4.941158697348967e-4
610500,1536138107869,4.918688277821224e-4
611000,1536138108235,5.043465213265987e-4
611500,1536138108601,4.949695811678713e-4
612000,1536138108987,4.957103641582419e-4
612500,1536138109371,4.99231026737788e-4
613000,1536138109737,4.986151640366787e-4
613500,1536138110127,4.923597420734114e-4
614000,1536138110516,5.083052817706815e-4
614500,1536138110907,4.931552695476677e-4
615000,1536138111265,5.055779585051492e-4
615500,1536138111649,4.906868895780489e-4
616000,1536138112000,4.958849407830031e-4
616500,1536138112388,5.08135387794289e-4
617000,1536138112799,4.994168326874071e-4
617500,1536138113138,4.957148271690146e-4
618000,1536138113501,4.916423394906624e-4
618500,1536138113884,5.168937956349914e-4
619000,1536138114281,4.929045602356051e-4
619500,1536138114663,5.084409009512943e-4
620000,1536138115031,4.932803030580382e-4
620500,1536138115385,4.95776023812645e-4
621000,1536138115742,5.029337855485105e-4
621500,1536138116147,4.937019803437662e-4
622000,1536138116513,4.917519211842518e-4
622500,1536138116898,4.988589293346635e-4
623000,1536138117266,5.01378000294509e-4
623500,1536138117639,4.92542404072444e-4
624000,1536138118061,5.08655853837158e-4
624500,1536138118440,5.072054710930177e-4
625000,1536138118835,4.944988902392753e-4
625500,1536138119237,4.954741651874992e-4
626000,1536138119609,4.994337072143087e-4
626500,1536138119998,4.952322619608671e-4
627000,1536138120367,5.009919257264092e-4
627500,1536138120726,4.923135809794083e-4
628000,1536138121087,5.133390157525107e-4
628500,1536138121443,4.916960616222569e-4
629000,1536138121810,5.005966086773145e-4
629500,1536138122175,4.923365934320677e-4
630000,1536138122552,4.941758269686731e-4
630500,1536138122906,5.074598519215469e-4
631000,1536138123281,4.995584549619381e-4
631500,1536138123659,5.009887492190716e-4
632000,1536138124019,5.04534645070248e-4
632500,1536138124406,4.929543832383202e-4
633000,1536138124773,4.922990181091389e-4
633500,1536138125168,4.943258024116033e-4
634000,1536138125589,4.920048674218741e-4
634500,1536138125976,5.024400200339264e-4
635000,1536138126351,5.121860971879918e-4
635500,1536138126756,4.936559787489991e-4
636000,1536138127183,5.038294249941025e-4
636500,1536138127553,4.922706241527248e-4
637000,1536138127966,4.939801874448323e-4
637500,1536138128367,5.020864352180575e-4
638000,1536138128761,4.931894466102311e-4
638500,1536138129132,5.00825564236584e-4
639000,1536138129511,5.036052043636909e-4
639500,1536138129893,4.948895181632389e-4
640000,1536138130312,4.939545111097395e-4
640500,1536138130692,4.977946590322585e-4
641000,1536138131058,5.067333386732694e-4
641500,1536138131422,4.932741858112977e-4
642000,1536138131795,4.956883795460483e-4
642500,1536138132161,4.94939330902551e-4
643000,1536138132534,5.087004157655928e-4
643500,1536138132929,4.953490030921904e-4
644000,1536138133305,5.116431269674994e-4
644500,1536138133674,4.946673344943906e-4
645000,1536138134046,4.937960718532107e-4
645500,1536138134439,4.988124495952672e-4
646000,1536138134849,4.950240936234792e-4
646500,1536138135217,4.999347749230832e-4
647000,1536138135638,5.119480274193849e-4
647500,1536138136000,5.050781616709728e-4
648000,1536138136403,5.029995592236162e-4
648500,1536138136804,4.96574109102316e-4
649000,1536138137223,4.95883819463065e-4
649500,1536138137627,5.068309381402258e-4
650000,1536138138017,5.063198740428214e-4
650500,1536138138378,4.944161209427954e-4
651000,1536138138734,4.970231062807619e-4
651500,1536138139136,5.042481554573496e-4
652000,1536138139505,4.943198601573727e-4
652500,1536138139900,4.965896445489876e-4
653000,1536138140303,4.938600362669118e-4
653500,1536138140670,4.924019805500313e-4
654000,1536138141109,4.926354025663851e-4
654500,1536138141631,5.007352851980119e-4
655000,1536138142022,4.960891320392755e-4
655500,1536138142450,4.987409050167672e-4
656000,1536138142822,5.002948592819367e-4
656500,1536138143178,5.05749524133233e-4
657000,1536138143563,4.982612039937113e-4
657500,1536138143962,5.086585315227132e-4
658000,1536138144361,4.94192609401456e-4
658500,1536138144741,4.926368542582671e-4
659000,1536138145115,4.96634588198374e-4
659500,1536138145450,4.958927886965141e-4
660000,1536138145874,4.939762681446102e-4
660500,1536138146230,4.945199126695989e-4
661000,1536138146622,5.064049983174729e-4
661500,1536138146982,4.943736167246467e-4
662000,1536138147352,4.96827327437372e-4
662500,1536138147771,5.277672224038344e-4
663000,1536138148139,4.934619528716758e-4
663500,1536138148486,5.00840494836515e-4
664000,1536138148891,4.998867143297413e-4
664500,1536138149328,5.009819008761388e-4
665000,1536138149768,4.94547216173422e-4
665500,1536138150172,5.024691436919887e-4
666000,1536138150575,4.97241435245905e-4
666500,1536138150976,5.188013440155009e-4
667000,1536138151356,4.977068125623067e-4
667500,1536138151735,5.053172648961777e-4
668000,1536138152145,5.060680542901419e-4
668500,1536138152523,4.954453572820409e-4
669000,1536138152921,5.169354443819636e-4
669500,1536138153293,4.964501776340493e-4
670000,1536138153694,4.976774228443876e-4
670500,1536138154076,5.072996394541305e-4
671000,1536138154478,4.94648584362495e-4
671500,1536138154886,4.99681736967842e-4
672000,1536138155291,5.02807878772414e-4
672500,1536138155678,5.005913121291064e-4
673000,1536138156043,4.941457369197165e-4
673500,1536138156415,4.978816610617099e-4
674000,1536138156827,4.9507720544748e-4
674500,1536138157217,5.042924292717977e-4
675000,1536138157582,5.145298312218262e-4
675500,1536138157967,4.9524442049421e-4
676000,1536138158353,4.980873672685614e-4
676500,1536138158726,4.956986875214372e-4
677000,1536138159100,4.994216663976025e-4
677500,1536138159474,5.004920015314919e-4
678000,1536138159859,4.982320446978235e-4
678500,1536138160237,4.971167562133693e-4
679000,1536138160629,5.026320093759054e-4
679500,1536138161010,5.056903275548534e-4
680000,1536138161427,4.95723689040382e-4
680500,1536138161838,5.012152432265269e-4
681000,1536138162249,4.946079757437731e-4
681500,1536138162620,4.948008570888736e-4
682000,1536138163004,4.980310971819971e-4
682500,1536138163406,5.19110534383662e-4
683000,1536138163852,4.960734298776618e-4
683500,1536138164245,4.947379629788314e-4
684000,1536138164562,4.956552604548947e-4
684500,1536138164917,4.949620365130173e-4
685000,1536138165291,5.06740729576734e-4
685500,1536138165722,5.066262717273658e-4
686000,1536138166161,4.978433395861164e-4
686500,1536138166581,4.973064777373198e-4
687000,1536138166944,5.066982248588185e-4
687500,1536138167340,4.962968208366652e-4
688000,1536138167713,5.003521708284856e-4
688500,1536138168069,4.95577201991668e-4
689000,1536138168459,5.047186032372575e-4
689500,1536138168844,4.993941883808192e-4
690000,1536138169212,4.950017032081676e-4
690500,1536138169569,5.20753695446909e-4
691000,1536138169991,4.957430876434036e-4
691500,1536138170434,4.957482388437315e-4
692000,1536138170855,5.032676037331919e-4
692500,1536138171253,5.105131195564064e-4
693000,1536138171639,5.175295598639208e-4
693500,1536138172008,4.957700041148615e-4
694000,1536138172416,4.970194455595655e-4
694500,1536138172806,5.091499799161114e-4
695000,1536138173203,5.047320234844491e-4
695500,1536138173583,5.004220579569105e-4
696000,1536138173965,5.14867578739608e-4
696500,1536138174350,5.097642328729008e-4
697000,1536138174708,4.966293813960201e-4
697500,1536138175096,5.015620651606837e-4
698000,1536138175454,5.021750849215262e-4
698500,1536138175821,4.96724033257768e-4
699000,1536138176175,5.005847828028152e-4
699500,1536138176558,5.142042834059586e-4
700000,1536138176941,4.989858920998214e-4
700500,1536138177322,4.96762602212717e-4
701000,1536138177701,4.944032511374198e-4
701500,1536138178118,5.018415557455324e-4
702000,1536138178482,4.986827761111267e-4
702500,1536138178876,4.968123101937583e-4
703000,1536138179243,5.04039606738736e-4
703500,1536138179627,4.971368182793852e-4
704000,1536138179991,4.983855334288619e-4
704500,1536138180388,5.005074859462515e-4
705000,1536138180791,4.992012193021987e-4
705500,1536138181180,4.947523695858894e-4
706000,1536138181601,5.002229071512273e-4
706500,1536138182022,4.983350765455854e-4
707000,1536138182366,5.072181816728141e-4
707500,1536138182767,4.962851958003109e-4
708000,1536138183147,5.026119518280084e-4
708500,1536138183518,4.957742216399879e-4
709000,1536138183957,5.104366579336651e-4
709500,1536138184366,4.985858277473079e-4
710000,1536138184773,4.95340803411912e-4
710500,1536138185203,5.032877731739999e-4
711000,1536138185636,4.980918122481025e-4
711500,1536138186043,4.996853364011866e-4
712000,1536138186399,4.980687709390039e-4
712500,1536138186784,4.982928535271111e-4
713000,1536138187136,5.136870795458265e-4
713500,1536138187510,4.995131983125173e-4
714000,1536138187902,5.04809568939408e-4
714500,1536138188310,5.018313246226648e-4
715000,1536138188692,5.059561381755928e-4
715500,1536138189085,4.983607709147722e-4
716000,1536138189462,5.156587281082514e-4
716500,1536138189848,4.961537471253019e-4
717000,1536138190237,5.036202092004523e-4
717500,1536138190635,4.964652243262593e-4
718000,1536138191002,5.03945620014171e-4
718500,1536138191368,4.965040784873625e-4
719000,1536138191778,5.018032251871052e-4
719500,1536138192148,5.029445206746486e-4
720000,1536138192531,4.976234997736285e-4
720500,1536138192931,5.200556004580192e-4
721000,1536138193314,4.970046622350191e-4
721500,1536138193681,5.016682019729696e-4
722000,1536138194027,5.047118013153533e-4
722500,1536138194397,5.029272769264191e-4
723000,1536138194781,5.036906928681965e-4
723500,1536138195149,5.016732224234727e-4
724000,1536138195538,5.008612965247627e-4
724500,1536138195921,5.019160098457789e-4
725000,1536138196292,5.500828491674951e-4
725500,1536138196666,5.028035348317591e-4
726000,1536138197034,4.963890890204749e-4
726500,1536138197402,4.957658869526137e-4
727000,1536138197769,5.08175538773237e-4
727500,1536138198139,4.996272862849055e-4
728000,1536138198507,5.033411707477006e-4
728500,1536138198896,5.145688694980917e-4
729000,1536138199292,5.074184704486735e-4
729500,1536138199714,5.000562881723548e-4
730000,1536138200154,4.996842780771657e-4
730500,1536138200522,5.00242279218634e-4
731000,1536138200930,5.014488798020299e-4
731500,1536138201366,4.977227311354747e-4
732000,1536138201714,4.984874049766344e-4
732500,1536138202104,4.961916074835405e-4
733000,1536138202514,5.011515706244904e-4
733500,1536138202930,4.984241189417441e-4
734000,1536138203290,4.986095081594709e-4
734500,1536138203642,4.987408225427619e-4
735000,1536138204002,5.132628423264332e-4
735500,1536138204366,4.970993165148674e-4
736000,1536138204745,4.99503850552912e-4
736500,1536138205124,4.971754441112172e-4
737000,1536138205504,5.035660939909991e-4
737500,1536138205854,5.000614899221028e-4
738000,1536138206250,4.989106501064177e-4
738500,1536138206646,5.079078554938153e-4
739000,1536138207017,5.334343425901078e-4
739500,1536138207376,5.276800839126576e-4
740000,1536138207741,4.988222417551462e-4
740500,1536138208135,5.008714360845317e-4
741000,1536138208547,4.971166948246856e-4
741500,1536138208932,5.096187751420525e-4
742000,1536138209295,4.995962964319862e-4
742500,1536138209668,4.973538707905796e-4
743000,1536138210026,5.017803005610933e-4
743500,1536138210411,5.118251694812289e-4
744000,1536138210783,4.978658174923308e-4
744500,1536138211174,5.097321366598683e-4
745000,1536138211569,5.01933876149754e-4
745500,1536138211957,5.029351893470344e-4
746000,1536138212311,5.004292420570942e-4
746500,1536138212710,4.996994050758391e-4
747000,1536138213073,4.973057153888305e-4
747500,1536138213444,5.06742563787992e-4
748000,1536138213886,5.00265302008806e-4
748500,1536138214333,4.972609462887422e-4
749000,1536138214748,5.019899260740253e-4
749500,1536138215109,5.027352540372401e-4
750000,1536138215476,5.002454020359708e-4
750500,1536138215862,4.969482333682842e-4
751000,1536138216229,5.030927439360704e-4
751500,1536138216601,5.120400929157743e-4
752000,1536138217013,5.080121644156702e-4
752500,1536138217379,4.996686458010169e-4
753000,1536138217733,4.965450380876583e-4
753500,1536138218106,5.11287425212902e-4
754000,1536138218478,4.964566153746098e-4
754500,1536138218862,4.964956590334457e-4
755000,1536138219225,4.982272896469865e-4
755500,1536138219599,4.97964445965034e-4
756000,1536138220010,4.976859548414172e-4
756500,1536138220424,4.976839390640589e-4
757000,1536138220825,5.020665141928373e-4
757500,1536138221200,4.995304903683106e-4
758000,1536138221571,4.966752658315922e-4
758500,1536138221930,5.030736878801692e-4
759000,1536138222275,5.023716075144226e-4
759500,1536138222651,5.039243492041037e-4
760000,1536138223026,5.017626627355126e-4
760500,1536138223396,5.056934101246523e-4
761000,1536138223806,5.014067834368101e-4
761500,1536138224248,5.363515570944338e-4
762000,1536138224641,4.970883466276178e-4
762500,1536138224991,4.97759578246397e-4
763000,1536138225379,5.141637435166365e-4
763500,1536138225777,5.047109411961862e-4
764000,1536138226162,5.093177087122418e-4
764500,1536138226547,4.980610415054528e-4
765000,1536138226909,4.99482772389392e-4
765500,1536138227287,5.000233854801076e-4
766000,1536138227690,4.997682131770742e-4
766500,1536138228047,4.981615962884346e-4
767000,1536138228413,5.053862529162952e-4
767500,1536138228848,5.057838431815117e-4
768000,1536138229345,4.974230879958085e-4
768500,1536138229855,4.999455726055925e-4
769000,1536138230334,5.002149601647128e-4
769500,1536138230739,5.066984860440999e-4
770000,1536138231150,5.062029490794395e-4
770500,1536138231575,5.019272500410139e-4
771000,1536138232019,5.016689046578075e-4
771500,1536138232429,4.978736943288312e-4
772000,1536138232830,4.97559910482066e-4
772500,1536138233211,5.013789492822279e-4
773000,1536138233606,5.000980250211832e-4
773500,1536138233962,5.077098448593294e-4
774000,1536138234340,5.046465578225963e-4
774500,1536138234700,5.146864185947389e-4
775000,1536138235077,5.03491851436529e-4
