0,1536007081586,0.047693148721385914
500,1536007082222,0.004982369154207354
1000,1536007082858,0.004944903663764394
1500,1536007083480,0.004919388636228786
2000,1536007084121,0.004900525164829926
2500,1536007084763,0.004889286856716884
3000,1536007085404,0.004865939697063108
3500,1536007086035,0.004851167293726986
4000,1536007086654,0.0048226295296950016
4500,1536007087280,0.0048077494027971455
5000,1536007087908,0.00478688275109505
5500,1536007088550,0.004777942617483292
6000,1536007089192,0.0047543120324411645
6500,1536007089834,0.004729000264753749
7000,1536007090476,0.004713165957049659
7500,1536007091119,0.00469591993869973
8000,1536007091761,0.004680246367847271
8500,1536007092403,0.004472222569791009
9000,1536007093045,0.0020842752056412974
9500,1536007093688,8.800069475704473e-4
10000,1536007094332,7.261226880531524e-4
10500,1536007094978,6.394037043479726e-4
11000,1536007095626,5.743929674346814e-4
11500,1536007096275,5.273307841428814e-4
12000,1536007096891,4.932188219494342e-4
12500,1536007097506,4.671705393770798e-4
13000,1536007098124,4.4728428084344615e-4
13500,1536007098745,4.322586311829824e-4
14000,1536007099397,4.2024908522564174e-4
14500,1536007100048,4.1076925455562973e-4
15000,1536007100699,4.0290304229364057e-4
15500,1536007101350,3.9561706327427565e-4
16000,1536007102001,3.90360815243779e-4
16500,1536007102652,3.858890814059175e-4
17000,1536007103303,3.811167908943911e-4
17500,1536007103954,3.7730450783863526e-4
18000,1536007104605,3.740652076105865e-4
18500,1536007105257,3.713552474135289e-4
19000,1536007105907,3.6905128602019534e-4
19500,1536007106558,3.6685734449007346e-4
20000,1536007107209,3.6492518464898305e-4
20500,1536007107860,3.630222328046079e-4
21000,1536007108511,3.6101002726251336e-4
21500,1536007109162,3.6003907584709975e-4
22000,1536007109813,3.5768239223577734e-4
22500,1536007110463,3.5700048099336634e-4
23000,1536007111113,3.553205501977842e-4
23500,1536007111764,3.5399243134091125e-4
24000,1536007112415,3.530048628462334e-4
24500,1536007113065,3.5287022679103704e-4
25000,1536007113716,3.5156312706753254e-4
25500,1536007114366,3.508704650449345e-4
26000,1536007115017,3.493681257223837e-4
26500,1536007115667,3.489494107283119e-4
27000,1536007116318,3.480126106880089e-4
27500,1536007116969,3.4719947585871964e-4
28000,1536007117620,3.469893543149434e-4
28500,1536007118271,3.459547040844655e-4
29000,1536007118921,3.454127873259314e-4
29500,1536007119572,3.44943004138268e-4
30000,1536007120223,3.449915492353089e-4
30500,1536007120873,3.4376736180881753e-4
31000,1536007121523,3.4335946584126856e-4
31500,1536007122174,3.4249165745019286e-4
32000,1536007122824,3.422249329789179e-4
32500,1536007123475,3.4174315029892645e-4
33000,1536007124125,3.4114010385024733e-4
33500,1536007124776,3.404098074017728e-4
34000,1536007125427,3.406364474414936e-4
34500,1536007126077,3.394136689395506e-4
35000,1536007126728,3.4053293359308397e-4
35500,1536007127378,3.395026864075456e-4
36000,1536007128028,3.390175555745831e-4
36500,1536007128679,3.38759538813893e-4
37000,1536007129329,3.382218668382612e-4
37500,1536007129980,3.379184218678956e-4
38000,1536007130630,3.3767662452648643e-4
38500,1536007131281,3.3718583957427137e-4
39000,1536007131931,3.376020484742476e-4
39500,1536007132582,3.365175013959656e-4
40000,1536007133233,3.3672921657870833e-4
40500,1536007133884,3.3563158369396363e-4
41000,1536007134534,3.3579097254818026e-4
41500,1536007135185,3.3624143515727223e-4
42000,1536007135836,3.353825153162892e-4
42500,1536007136486,3.350439096471671e-4
43000,1536007137137,3.344781592913671e-4
43500,1536007137787,3.3438591419414327e-4
44000,1536007138437,3.34039360119806e-4
44500,1536007139088,3.341447407382247e-4
45000,1536007139739,3.3368968706167646e-4
45500,1536007140389,3.337034833791164e-4
46000,1536007141040,3.333424726871156e-4
46500,1536007141691,3.3344290640285163e-4
47000,1536007142342,3.333232946762816e-4
47500,1536007142992,3.32725285627443e-4
48000,1536007143643,3.326727872446563e-4
48500,1536007144293,3.3156728205164886e-4
49000,1536007144950,3.3219503455932694e-4
49500,1536007145602,3.318493947298505e-4
50000,1536007146253,3.316912907941168e-4
50500,1536007146905,3.314748846454462e-4
51000,1536007147556,3.3165671332288833e-4
51500,1536007148220,3.3123482808848956e-4
52000,1536007148871,3.308777542452999e-4
52500,1536007149522,3.3080173571731696e-4
53000,1536007150173,3.2986931781729006e-4
53500,1536007150823,3.305247328893305e-4
54000,1536007151474,3.3094238077874705e-4
54500,1536007152124,3.300585185472416e-4
55000,1536007152775,3.2957402574834834e-4
55500,1536007153425,3.294702903851541e-4
56000,1536007154076,3.2923510731803677e-4
56500,1536007154727,3.2970977204432373e-4
57000,1536007155378,3.2939755137914925e-4
57500,1536007156029,3.289575062906034e-4
58000,1536007156679,3.2894038555323664e-4
58500,1536007157330,3.289217304061855e-4
59000,1536007157981,3.2866852013482524e-4
59500,1536007158631,3.284013823074699e-4
60000,1536007159282,3.2872615646179344e-4
60500,1536007159932,3.2799944407534604e-4
61000,1536007160583,3.2807029463535634e-4
61500,1536007161234,3.2794642059729513e-4
62000,1536007161885,3.282084477846772e-4
62500,1536007162535,3.272189052164405e-4
63000,1536007163186,3.2758549056028193e-4
63500,1536007163837,3.2739978498426306e-4
64000,1536007164487,3.278285543637806e-4
64500,1536007165138,3.2665266537133797e-4
65000,1536007165788,3.2770706268298516e-4
65500,1536007166438,3.2747847377880365e-4
66000,1536007167089,3.2700509207329875e-4
66500,1536007167739,3.263264750549467e-4
67000,1536007168389,3.268964370176041e-4
67500,1536007169040,3.2628669232839976e-4
68000,1536007169690,3.266985197324289e-4
68500,1536007170341,3.264029865211288e-4
69000,1536007170992,3.264376764360633e-4
69500,1536007171642,3.26435893296737e-4
70000,1536007172293,3.25409272466984e-4
70500,1536007172943,3.259247958880007e-4
71000,1536007173593,3.256671633052943e-4
71500,1536007174244,3.2648713325121733e-4
72000,1536007174894,3.252096217168324e-4
72500,1536007175545,3.256977092183809e-4
73000,1536007176195,3.2539164852236847e-4
73500,1536007176846,3.2481170368102577e-4
74000,1536007177497,3.2553332569045315e-4
74500,1536007178147,3.2538414882543214e-4
75000,1536007178797,3.249518454336275e-4
75500,1536007179447,3.2508020997050826e-4
76000,1536007180098,3.243072566967583e-4
76500,1536007180749,3.259910522966287e-4
77000,1536007181399,3.2501634070930394e-4
77500,1536007182050,3.252184010900657e-4
78000,1536007182700,3.2422047968834293e-4
78500,1536007183351,3.251665669303121e-4
79000,1536007184003,3.2469748120865255e-4
79500,1536007184654,3.2444282625493495e-4
80000,1536007185305,3.2425588567217803e-4
80500,1536007185955,3.240719455187047e-4
81000,1536007186606,3.2406908119776164e-4
81500,1536007187257,3.2437443484815206e-4
82000,1536007187908,3.2384424397213904e-4
82500,1536007188558,3.232154151485246e-4
83000,1536007189208,3.2394330142229553e-4
83500,1536007189859,3.2322337340033976e-4
84000,1536007190509,3.2405915575057175e-4
84500,1536007191160,3.2329739737802567e-4
85000,1536007191810,3.233362731016698e-4
85500,1536007192460,3.239234069174912e-4
86000,1536007193111,3.2290851551922974e-4
86500,1536007193761,3.23977072053056e-4
87000,1536007194411,3.230327615888517e-4
87500,1536007195062,3.2313775926325636e-4
88000,1536007195712,3.227185391663446e-4
88500,1536007196363,3.2354927038847616e-4
89000,1536007197013,3.2271944537020893e-4
89500,1536007197664,3.2375908313909876e-4
90000,1536007198314,3.232561303168393e-4
90500,1536007198965,3.233040805844738e-4
91000,1536007199615,3.232341191762182e-4
91500,1536007200265,3.232180485410518e-4
92000,1536007200916,3.2288458690487106e-4
92500,1536007201567,3.222194832886556e-4
93000,1536007202217,3.2252500225809393e-4
93500,1536007202867,3.2335824294536125e-4
94000,1536007203522,3.2277037209534136e-4
94500,1536007204173,3.2297074826363384e-4
95000,1536007204823,3.2243286375783413e-4
95500,1536007205474,3.240644691592654e-4
96000,1536007206124,3.225298366300594e-4
96500,1536007206775,3.2308904594684034e-4
97000,1536007207425,3.224396904997275e-4
97500,1536007208077,3.223769209997521e-4
98000,1536007208727,3.219667609301679e-4
98500,1536007209378,3.223995723297672e-4
99000,1536007210028,3.228498632222329e-4
99500,1536007210679,3.229393257423081e-4
100000,1536007211329,3.2310253928242956e-4
100500,1536007211980,3.237528810739059e-4
101000,1536007212630,3.227486384286171e-4
101500,1536007213280,3.227064380665043e-4
102000,1536007213931,3.227891813955267e-4
102500,1536007214581,3.231215120275586e-4
103000,1536007215232,3.2226095491272023e-4
103500,1536007215882,3.230828054207145e-4
104000,1536007216532,3.2283225241666147e-4
104500,1536007217183,3.235734971943906e-4
105000,1536007217833,3.223440757994053e-4
105500,1536007218483,3.229052704757019e-4
106000,1536007219134,3.230728767107286e-4
106500,1536007219784,3.23055442163512e-4
107000,1536007220434,3.221041494483253e-4
107500,1536007221085,3.218786639328505e-4
108000,1536007221735,3.2230587942177113e-4
108500,1536007222385,3.2227851312613144e-4
109000,1536007223035,3.224388850885566e-4
109500,1536007223685,3.221573675021597e-4
110000,1536007224335,3.2270014608762126e-4
110500,1536007224985,3.2223713247182286e-4
111000,1536007225636,3.225655518844097e-4
111500,1536007226286,3.2267458932646134e-4
112000,1536007226936,3.2213801856146825e-4
112500,1536007227586,3.229103909690493e-4
113000,1536007228237,3.2244379571210585e-4
113500,1536007228887,3.225279589611818e-4
114000,1536007229537,3.2267796574617265e-4
114500,1536007230187,3.223071698166949e-4
115000,1536007230837,3.2226812670491296e-4
115500,1536007231488,3.2223849785378703e-4
116000,1536007232138,3.228809230751009e-4
116500,1536007232788,3.227579988821066e-4
117000,1536007233438,3.228158692565146e-4
117500,1536007234089,3.2280605368015437e-4
118000,1536007234739,3.220402381014427e-4
118500,1536007235389,3.229992253864975e-4
119000,1536007236040,3.233516820214814e-4
119500,1536007236690,3.227079232621129e-4
120000,1536007237340,3.231338668430727e-4
120500,1536007237990,3.2418878349864627e-4
121000,1536007238641,3.2410073077291334e-4
121500,1536007239291,3.2308488558302825e-4
122000,1536007239941,3.2298429427268354e-4
122500,1536007240591,3.245162549554673e-4
123000,1536007241241,3.227643125019325e-4
123500,1536007241891,3.232294906875933e-4
124000,1536007242541,3.235218979460214e-4
124500,1536007243191,3.230969449273697e-4
125000,1536007243842,3.2284085627294666e-4
125500,1536007244492,3.2283205393320876e-4
126000,1536007245142,3.2307564198902296e-4
126500,1536007245792,3.236522322760224e-4
127000,1536007246443,3.232736677862365e-4
127500,1536007247093,3.235579744025586e-4
128000,1536007247743,3.2346066074917567e-4
128500,1536007248393,3.2371864079665995e-4
129000,1536007249043,3.2410234131514454e-4
129500,1536007249694,3.2395070638369523e-4
130000,1536007250344,3.238210962327134e-4
130500,1536007250994,3.23829532254092e-4
131000,1536007251642,3.2407804277162717e-4
131500,1536007252292,3.242298856155049e-4
132000,1536007252942,3.239461399232152e-4
132500,1536007253592,3.242733263785885e-4
133000,1536007254242,3.2421509467570514e-4
133500,1536007254893,3.245020017612759e-4
134000,1536007255543,3.2392183024663296e-4
134500,1536007256193,3.25675522665151e-4
135000,1536007256844,3.248336625083837e-4
135500,1536007257494,3.2477158076725645e-4
136000,1536007258144,3.241240032163287e-4
136500,1536007258795,3.2494317511170076e-4
137000,1536007259445,3.267904500688328e-4
137500,1536007260096,3.2615601986422455e-4
138000,1536007260746,3.2533574329212674e-4
138500,1536007261396,3.252533928943937e-4
139000,1536007262046,3.2570217814938135e-4
139500,1536007262697,3.268834140268381e-4
140000,1536007263347,3.2547983336294554e-4
140500,1536007263997,3.254415481125133e-4
141000,1536007264648,3.2592321979499215e-4
141500,1536007265298,3.258667501687272e-4
142000,1536007265948,3.25753643104705e-4
142500,1536007266598,3.261983095352252e-4
143000,1536007267248,3.2589062573817933e-4
143500,1536007267899,3.276081054407139e-4
144000,1536007268550,3.2734407859370454e-4
144500,1536007269200,3.2673002807892825e-4
145000,1536007269850,3.270541787583539e-4
145500,1536007270501,3.283967543696337e-4
146000,1536007271151,3.2714978610698034e-4
146500,1536007271802,3.274827114530005e-4
147000,1536007272452,3.2681053058868407e-4
147500,1536007273103,3.2688604107687907e-4
148000,1536007273753,3.2759166063861e-4
148500,1536007274404,3.2781281363311544e-4
149000,1536007275054,3.275416195316552e-4
149500,1536007275705,3.277499643559714e-4
150000,1536007276356,3.287153742233057e-4
150500,1536007277006,3.2876985534826376e-4
151000,1536007277656,3.288714177367881e-4
151500,1536007278306,3.288735231774044e-4
152000,1536007278957,3.28269256079211e-4
152500,1536007279607,3.29054004336278e-4
153000,1536007280258,3.288172539783226e-4
153500,1536007280909,3.295761983709008e-4
154000,1536007281559,3.296271730892942e-4
154500,1536007282210,3.2894098703839585e-4
155000,1536007282860,3.294715814230992e-4
155500,1536007283510,3.292274939910877e-4
156000,1536007284161,3.306641942977529e-4
156500,1536007284811,3.30492321557424e-4
157000,1536007285462,3.298542954536234e-4
157500,1536007286112,3.3029332189161525e-4
158000,1536007286762,3.314922147193181e-4
158500,1536007287412,3.3090950796364136e-4
159000,1536007288063,3.313673964578407e-4
159500,1536007288713,3.318007742803567e-4
160000,1536007289364,3.315985467828976e-4
160500,1536007290014,3.3228256369612395e-4
161000,1536007290664,3.319774321377018e-4
161500,1536007291314,3.3241217873312284e-4
162000,1536007291965,3.321187190217605e-4
162500,1536007292615,3.3300550232300295e-4
163000,1536007293265,3.327090356445674e-4
163500,1536007293915,3.331829079537953e-4
164000,1536007294564,3.3400661286655625e-4
164500,1536007295215,3.3389104507943216e-4
165000,1536007295865,3.334115384013962e-4
165500,1536007296515,3.350469463692808e-4
166000,1536007297165,3.3512185668893417e-4
166500,1536007297815,3.344895366652986e-4
167000,1536007298465,3.346197388485296e-4
167500,1536007299115,3.3558601355901423e-4
168000,1536007299765,3.3509542506206664e-4
168500,1536007300416,3.3513791097499347e-4
169000,1536007301065,3.3595041079056986e-4
169500,1536007301715,3.3609664493943197e-4
170000,1536007302365,3.3636381988182335e-4
170500,1536007303016,3.3583398137673303e-4
171000,1536007303666,3.3648528216279685e-4
171500,1536007304315,3.3783250956506266e-4
172000,1536007304966,3.372124857110676e-4
172500,1536007305615,3.387910760913778e-4
173000,1536007306265,3.375849578955835e-4
173500,1536007306915,3.377476875873673e-4
174000,1536007307564,3.3853439507726163e-4
174500,1536007308214,3.383472756533339e-4
175000,1536007308864,3.389857836151893e-4
175500,1536007309514,3.397716032424452e-4
176000,1536007310164,3.404865111400301e-4
176500,1536007310814,3.40512475141292e-4
177000,1536007311464,3.4064672827454446e-4
177500,1536007312114,3.4068268286020184e-4
178000,1536007312764,3.407882105526744e-4
178500,1536007313413,3.413408104677799e-4
179000,1536007314063,3.415860105005548e-4
179500,1536007314713,3.420432703141289e-4
180000,1536007315362,3.435292940044495e-4
180500,1536007316012,3.43647465061854e-4
181000,1536007316662,3.4475928591927153e-4
181500,1536007317312,3.441917366068372e-4
182000,1536007317962,3.442435174810495e-4
182500,1536007318612,3.445756936168319e-4
183000,1536007319262,3.4538753466171383e-4
183500,1536007319911,3.454052904654759e-4
184000,1536007320561,3.4640407216754584e-4
184500,1536007321211,3.4565868492462455e-4
185000,1536007321861,3.4643973486996017e-4
185500,1536007322511,3.4739568624505646e-4
186000,1536007323160,3.4804360624859275e-4
186500,1536007323810,3.482475701604808e-4
187000,1536007324459,3.482492713075801e-4
187500,1536007325109,3.491658732905003e-4
188000,1536007325758,3.4929783887172993e-4
188500,1536007326408,3.500872430130602e-4
189000,1536007327058,3.5061695201603354e-4
189500,1536007327706,3.509009666041619e-4
190000,1536007328356,3.508689092940246e-4
190500,1536007329006,3.5203233747347344e-4
191000,1536007329656,3.527933763528692e-4
191500,1536007330304,3.5214492748687315e-4
192000,1536007330954,3.5375893090409786e-4
192500,1536007331604,3.534515231996011e-4
193000,1536007332254,3.5517227114175245e-4
193500,1536007332903,3.560926033166482e-4
194000,1536007333553,3.5522696721805233e-4
194500,1536007334203,3.568233519490832e-4
195000,1536007334853,3.569114802257709e-4
195500,1536007335502,3.5761064299212657e-4
196000,1536007336152,3.582937377594752e-4
196500,1536007336800,3.5832886841748125e-4
197000,1536007337450,3.589522483923661e-4
197500,1536007338098,3.6059856660789787e-4
198000,1536007338748,3.5983139950677273e-4
198500,1536007339398,3.613313396238108e-4
199000,1536007340047,3.615835735412983e-4
199500,1536007340696,3.62118309235928e-4
200000,1536007341345,3.6366087743802043e-4
200500,1536007341995,3.633714255639464e-4
201000,1536007342644,3.647039417149638e-4
201500,1536007343293,3.6576844217984177e-4
202000,1536007343942,3.659594636594559e-4
202500,1536007344589,3.664020981364606e-4
203000,1536007345235,3.676724079171408e-4
203500,1536007345881,3.6763470902104466e-4
204000,1536007346526,3.6951132363716475e-4
204500,1536007347172,3.697499691522064e-4
205000,1536007347819,3.7098942588245155e-4
205500,1536007348465,3.7180326035757944e-4
206000,1536007349111,3.735756755411768e-4
206500,1536007349757,3.733688693296848e-4
207000,1536007350404,3.739713207437205e-4
207500,1536007351051,3.749612088108012e-4
208000,1536007351697,3.758785787730849e-4
208500,1536007352343,3.7830058441127554e-4
209000,1536007352989,3.7722466380400927e-4
209500,1536007353635,3.7779354180096967e-4
210000,1536007354281,3.794503564787744e-4
210500,1536007354927,3.7954212388904395e-4
211000,1536007355573,3.8059466838261146e-4
211500,1536007356220,3.813823474005724e-4
212000,1536007356866,3.831588898772879e-4
212500,1536007357512,3.827666466057806e-4
213000,1536007358159,3.857257596368679e-4
213500,1536007358805,3.852439421419602e-4
214000,1536007359451,3.880628458728236e-4
214500,1536007360097,3.8800848955240194e-4
215000,1536007360743,3.8872818200998106e-4
215500,1536007361389,3.9034151402127286e-4
216000,1536007362035,3.9173131019381685e-4
216500,1536007362681,3.914595215117348e-4
217000,1536007363328,3.928391892727177e-4
217500,1536007363975,3.964821680637826e-4
218000,1536007364621,3.954724193094313e-4
218500,1536007365267,3.966477661660492e-4
219000,1536007365913,3.986362971589922e-4
219500,1536007366559,3.9997258065032384e-4
220000,1536007367207,4.000090161230532e-4
220500,1536007367854,4.0189640056669966e-4
221000,1536007368502,4.0211887310276703e-4
221500,1536007369148,4.0549756221374615e-4
222000,1536007369794,4.061023844649012e-4
222500,1536007370440,4.072441868998419e-4
223000,1536007371086,4.086963901959922e-4
223500,1536007371731,4.111925940449188e-4
224000,1536007372377,4.1177876454656154e-4
224500,1536007373024,4.1178734065879717e-4
225000,1536007373670,4.141014915271999e-4
225500,1536007374315,4.160008120899106e-4
226000,1536007374961,4.1641937873199397e-4
226500,1536007375606,4.171330884382384e-4
227000,1536007376252,4.212301417164114e-4
227500,1536007376898,4.2040689561677385e-4
228000,1536007377543,4.229682472883654e-4
228500,1536007378190,4.245303597808719e-4
229000,1536007378839,4.2589758335933973e-4
229500,1536007379486,4.2784585746398696e-4
230000,1536007380132,4.2940763076317073e-4
230500,1536007380778,4.313080714816856e-4
231000,1536007381424,4.3314765070411477e-4
231500,1536007382069,4.345922239378706e-4
232000,1536007382715,4.3495470122195223e-4
232500,1536007383360,4.3774980536812817e-4
233000,1536007384006,4.3885583112935196e-4
233500,1536007384653,4.407361415881938e-4
234000,1536007385299,4.4248973398968165e-4
234500,1536007385945,4.4439322154762466e-4
235000,1536007386590,4.461648352090707e-4
235500,1536007387236,4.4818225669874563e-4
236000,1536007387881,4.5141391560867667e-4
236500,1536007388527,4.5140177356914416e-4
237000,1536007389172,4.5386719275441404e-4
237500,1536007389818,4.554875006432104e-4
238000,1536007390464,4.5839903695486334e-4
238500,1536007391109,4.5904534332491575e-4
239000,1536007391755,4.616028757800369e-4
239500,1536007392401,4.648040096907541e-4
240000,1536007393046,4.652482814940131e-4
240500,1536007393692,4.6796532309957643e-4
241000,1536007394338,4.685492688035359e-4
241500,1536007394983,4.7114887378433895e-4
242000,1536007395629,4.72499257102082e-4
242500,1536007396275,4.7536056675148605e-4
243000,1536007396921,4.7783086077771256e-4
243500,1536007397566,4.7908919077719404e-4
244000,1536007398212,4.8206296500473547e-4
244500,1536007398857,4.8390927381075584e-4
245000,1536007399503,4.852331524167682e-4
245500,1536007400148,4.8770196670261406e-4
246000,1536007400794,4.903094088349919e-4
246500,1536007401439,4.924502432866764e-4
247000,1536007402083,4.949881149616763e-4
247500,1536007402727,4.977722107026933e-4
248000,1536007403370,4.987261752041474e-4
248500,1536007404015,5.026671662954894e-4
249000,1536007404659,5.035714571015401e-4
249500,1536007405303,5.06633634704518e-4
250000,1536007405947,5.084084359221587e-4
250500,1536007406591,5.115074324223456e-4
251000,1536007407236,5.132273877033988e-4
251500,1536007407880,5.162101926464643e-4
252000,1536007408524,5.189761038443658e-4
252500,1536007409168,5.217993212821288e-4
253000,1536007409812,5.216343295773046e-4
253500,1536007410456,5.262347816344641e-4
254000,1536007411099,5.275049329900942e-4
254500,1536007411743,5.291887579121865e-4
255000,1536007412387,5.337089539004577e-4
255500,1536007413031,5.341785515323596e-4
256000,1536007413674,5.373094491817176e-4
256500,1536007414318,5.398224375538863e-4
257000,1536007414962,5.414171693809441e-4
257500,1536007415605,5.449768512121799e-4
258000,1536007416249,5.46639417327028e-4
258500,1536007416893,5.492255948748731e-4
259000,1536007417536,5.515242713674982e-4
259500,1536007418180,5.540524355345386e-4
260000,1536007418824,5.567356066143315e-4
260500,1536007419468,5.597422749721601e-4
261000,1536007420111,5.626232711999261e-4
261500,1536007420755,5.658786535676517e-4
262000,1536007421398,5.670887945504021e-4
262500,1536007422042,5.691201349197917e-4
263000,1536007422685,5.724963870536085e-4
263500,1536007423329,5.744603313041079e-4
264000,1536007423973,5.763314917277834e-4
264500,1536007424617,5.787163118372948e-4
265000,1536007425261,5.801633293354119e-4
265500,1536007425905,5.822201334233358e-4
266000,1536007426548,5.860568697951559e-4
266500,1536007427192,5.887755268697914e-4
267000,1536007427838,5.906387021690131e-4
267500,1536007428482,5.928628249603381e-4
268000,1536007429126,5.94509677531542e-4
268500,1536007429770,5.985394704804428e-4
269000,1536007430413,5.99873184820692e-4
269500,1536007431056,6.051405421936434e-4
270000,1536007431700,6.062364226701184e-4
270500,1536007432343,6.080198714282153e-4
271000,1536007432986,6.100756936497999e-4
271500,1536007433630,6.130483719547533e-4
272000,1536007434274,6.133167887558807e-4
272500,1536007434917,6.160578234412585e-4
273000,1536007435561,6.198311111177458e-4
273500,1536007436206,6.202078994579772e-4
274000,1536007436849,6.235860335329571e-4
274500,1536007437493,6.258807887456368e-4
275000,1536007438136,6.286199860084914e-4
275500,1536007438779,6.307601059252357e-4
276000,1536007439423,6.30920140153474e-4
276500,1536007440067,6.357684444173289e-4
277000,1536007440712,6.359795818575325e-4
277500,1536007441356,6.3810165438742e-4
278000,1536007442001,6.392655355279711e-4
278500,1536007442644,6.431220161778996e-4
279000,1536007443288,6.438604626786315e-4
279500,1536007443932,6.478261207987462e-4
280000,1536007444576,6.493740851709338e-4
280500,1536007445220,6.506286355733297e-4
281000,1536007445864,6.526459299841911e-4
281500,1536007446508,6.539774342324198e-4
282000,1536007447151,6.564425416427047e-4
282500,1536007447795,6.604975315424886e-4
283000,1536007448446,6.597933313367011e-4
283500,1536007449090,6.615354107674695e-4
284000,1536007449733,6.677008185500498e-4
284500,1536007450377,6.661875081876647e-4
285000,1536007451020,6.668484395170425e-4
285500,1536007451664,6.707340841712753e-4
286000,1536007452307,6.701391597576637e-4
286500,1536007452951,6.724418859163128e-4
287000,1536007453594,6.75912976074325e-4
287500,1536007454238,6.744597728231358e-4
288000,1536007454882,6.76643500167482e-4
288500,1536007455526,6.801942801198609e-4
289000,1536007456170,6.804093975187227e-4
289500,1536007456814,6.793491741203969e-4
290000,1536007457458,6.807080466475741e-4
290500,1536007458101,6.866147868903082e-4
291000,1536007458745,6.851482371000165e-4
291500,1536007459389,6.865437800108764e-4
292000,1536007460034,6.846284198409416e-4
292500,1536007460678,6.862546737132516e-4
293000,1536007461322,6.885257652018568e-4
293500,1536007461966,6.895749103657784e-4
294000,1536007462609,6.895472215925438e-4
294500,1536007463254,6.928698715809711e-4
295000,1536007463898,6.904512230242364e-4
295500,1536007464542,6.922589918397394e-4
296000,1536007465186,6.943503910180092e-4
296500,1536007465829,6.929578502243887e-4
297000,1536007466473,6.917612638921037e-4
297500,1536007467117,6.937241414673001e-4
298000,1536007467762,6.963422344686647e-4
298500,1536007468406,6.953746970035479e-4
299000,1536007469050,6.926184571091606e-4
299500,1536007469694,6.949210609250993e-4
300000,1536007470338,6.912923611306033e-4
300500,1536007470982,6.895304888946325e-4
301000,1536007471626,6.914722801380593e-4
301500,1536007472271,6.877145882044554e-4
302000,1536007472915,6.919411071162779e-4
302500,1536007473558,6.841572608470822e-4
303000,1536007474202,6.890694307059314e-4
303500,1536007474847,6.849500991287527e-4
304000,1536007475491,6.730138463332026e-4
304500,1536007476135,6.737616667937642e-4
305000,1536007476779,6.721692150625588e-4
305500,1536007477423,6.605854844988483e-4
306000,1536007478066,6.528906703603034e-4
306500,1536007478709,6.444868570322157e-4
307000,1536007479353,6.344570800189444e-4
307500,1536007479995,6.219047379155522e-4
308000,1536007480638,6.08368165553214e-4
308500,1536007481280,5.973193028082194e-4
309000,1536007481921,5.851589866216595e-4
309500,1536007482563,5.776244532840894e-4
310000,1536007483204,5.726395693654746e-4
310500,1536007483845,5.799079424430147e-4
311000,1536007484486,5.665255695233467e-4
311500,1536007485127,5.67877013053953e-4
312000,1536007485767,5.645570437702149e-4
312500,1536007486407,5.603910335331965e-4
313000,1536007487047,5.641701518593623e-4
313500,1536007487687,5.666985019222266e-4
314000,1536007488327,5.623256565870871e-4
314500,1536007488966,5.594174959780826e-4
315000,1536007489606,5.623661816658667e-4
315500,1536007490247,5.61266246663403e-4
316000,1536007490887,5.621591258930065e-4
316500,1536007491527,5.638822004042995e-4
317000,1536007492168,5.581315416059231e-4
317500,1536007492808,5.598100976461457e-4
318000,1536007493447,5.597977814739204e-4
318500,1536007494087,5.630068233548203e-4
319000,1536007494726,5.594282984882073e-4
319500,1536007495366,5.575358895472226e-4
320000,1536007496007,5.621283498795137e-4
320500,1536007496647,5.597050214934691e-4
321000,1536007497288,5.61480641324247e-4
321500,1536007497927,5.618458420879581e-4
322000,1536007498566,5.603163838071369e-4
322500,1536007499206,5.60983190756405e-4
323000,1536007499848,5.610328730509549e-4
323500,1536007500488,5.59359860193604e-4
324000,1536007501127,5.625014686750193e-4
324500,1536007501768,5.63389779860959e-4
325000,1536007502407,5.62635520317042e-4
325500,1536007503046,5.595887816121854e-4
326000,1536007503686,5.635958588538494e-4
326500,1536007504325,5.639116039457313e-4
327000,1536007504965,5.591270276436697e-4
327500,1536007505605,5.605985842431903e-4
328000,1536007506244,5.603630975650375e-4
328500,1536007506883,5.588420970931107e-4
329000,1536007507522,5.597899645710176e-4
329500,1536007508162,5.578147294123109e-4
330000,1536007508801,5.592296411830302e-4
330500,1536007509440,5.596618788438431e-4
331000,1536007510080,5.638279662098756e-4
331500,1536007510719,5.6246774985149e-4
332000,1536007511359,5.610138708535082e-4
332500,1536007511998,5.590061655581103e-4
333000,1536007512637,5.58641750526421e-4
333500,1536007513277,5.641038379646048e-4
334000,1536007513917,5.612755271567491e-4
334500,1536007514557,5.648248467677655e-4
335000,1536007515197,5.596147416993208e-4
335500,1536007515836,5.608981755437252e-4
336000,1536007516476,5.643515218797452e-4
336500,1536007517115,5.618585424469513e-4
337000,1536007517755,5.625157519419105e-4
337500,1536007518394,5.609632303166478e-4
338000,1536007519033,5.587880877010301e-4
338500,1536007519673,5.643488725890921e-4
339000,1536007520313,5.599312523862463e-4
339500,1536007520952,5.597540832876619e-4
340000,1536007521592,5.59908908047628e-4
340500,1536007522231,5.591199267695133e-4
341000,1536007522871,5.583136686745525e-4
341500,1536007523511,5.592955283830611e-4
342000,1536007524150,5.638911414384676e-4
342500,1536007524790,5.621163005938299e-4
343000,1536007525430,5.58141748105292e-4
343500,1536007526070,5.596755415893449e-4
344000,1536007526710,5.596152447168037e-4
344500,1536007527350,5.602660083437575e-4
345000,1536007527989,5.60426517626987e-4
345500,1536007528628,5.611316910308677e-4
346000,1536007529268,5.58641605811564e-4
346500,1536007529908,5.598220299872562e-4
347000,1536007530548,5.596077884836788e-4
347500,1536007531188,5.583132409490091e-4
348000,1536007531827,5.607155537749028e-4
348500,1536007532467,5.59604900956517e-4
349000,1536007533107,5.656723334807507e-4
349500,1536007533747,5.587903578981033e-4
350000,1536007534387,5.716131043024368e-4
350500,1536007535027,5.582513560657654e-4
351000,1536007535667,5.644440506409646e-4
351500,1536007536306,5.608107584806193e-4
352000,1536007536946,5.594070491158396e-4
352500,1536007537586,5.619752478532309e-4
353000,1536007538225,5.580516096296928e-4
353500,1536007538865,5.614797446529283e-4
354000,1536007539505,5.593472501470628e-4
354500,1536007540146,5.597035425605639e-4
355000,1536007540786,5.614648100387868e-4
355500,1536007541425,5.578368118186308e-4
356000,1536007542065,5.592667053170567e-4
356500,1536007542704,5.607244813482021e-4
357000,1536007543344,5.608269430322134e-4
357500,1536007543983,5.624397878686153e-4
358000,1536007544624,5.670644304155249e-4
358500,1536007545264,5.584259966252861e-4
359000,1536007545904,5.604947570907694e-4
359500,1536007546543,5.632033005694586e-4
360000,1536007547182,5.586944563445423e-4
360500,1536007547824,5.602898036158909e-4
361000,1536007548463,5.594192804883695e-4
361500,1536007549103,5.624147996276802e-4
362000,1536007549743,5.598726245265148e-4
362500,1536007550383,5.605574571872897e-4
363000,1536007551023,5.637256116198904e-4
363500,1536007551663,5.607399514505199e-4
364000,1536007552303,5.626107066878886e-4
364500,1536007552942,5.691621038617747e-4
365000,1536007553582,5.58834871184909e-4
365500,1536007554222,5.622553896282541e-4
366000,1536007554861,5.676248896142591e-4
366500,1536007555502,5.619235855324231e-4
367000,1536007556142,5.648954538013354e-4
367500,1536007556781,5.620694670173135e-4
368000,1536007557421,5.660507670855803e-4
368500,1536007558061,5.633952170025672e-4
369000,1536007558701,5.629012211237872e-4
369500,1536007559341,5.637639362413122e-4
370000,1536007559980,5.654005072520832e-4
370500,1536007560621,5.647950630777648e-4
371000,1536007561261,5.634840458250526e-4
371500,1536007561901,5.608998745476717e-4
372000,1536007562540,5.615718149610573e-4
372500,1536007563180,5.594666446846933e-4
373000,1536007563819,5.64373335775489e-4
373500,1536007564459,5.640870257315414e-4
374000,1536007565099,5.575827483751707e-4
374500,1536007565738,5.587274656892702e-4
375000,1536007566377,5.597497660951673e-4
375500,1536007567017,5.604438482877705e-4
376000,1536007567656,5.594332009326306e-4
376500,1536007568295,5.580238760059959e-4
377000,1536007568935,5.606798615539297e-4
377500,1536007569574,5.600270069723588e-4
378000,1536007570214,5.584512254839563e-4
378500,1536007570854,5.583964097559518e-4
379000,1536007571493,5.604508792782175e-4
379500,1536007572133,5.684246995172299e-4
380000,1536007572772,5.598725109192573e-4
380500,1536007573411,5.65371531301395e-4
381000,1536007574051,5.587899739711283e-4
381500,1536007574691,5.617722165520126e-4
382000,1536007575330,5.585767615532349e-4
382500,1536007575970,5.652711103487219e-4
383000,1536007576610,5.630788793949291e-4
383500,1536007577250,5.60105345472823e-4
384000,1536007577889,5.612695930746443e-4
384500,1536007578528,5.608859331525061e-4
385000,1536007579168,5.616315992814749e-4
385500,1536007579807,5.648911130031076e-4
386000,1536007580447,5.611545874628016e-4
386500,1536007581087,5.600800308515371e-4
387000,1536007581726,5.650166728302287e-4
387500,1536007582366,5.596156715701025e-4
388000,1536007583005,5.710582461557776e-4
388500,1536007583644,5.599786210874046e-4
389000,1536007584284,5.629447456750771e-4
389500,1536007584924,5.692923546887162e-4
390000,1536007585564,5.632309289960309e-4
390500,1536007586203,5.637640562308161e-4
391000,1536007586843,5.635598491591222e-4
391500,1536007587483,5.599922996949215e-4
392000,1536007588123,5.629232596153402e-4
392500,1536007588764,5.612725716619061e-4
393000,1536007589404,5.585049595813535e-4
393500,1536007590043,5.604147631822731e-4
394000,1536007590683,5.608210853180109e-4
394500,1536007591322,5.588857726244175e-4
395000,1536007591961,5.659950477234284e-4
395500,1536007592600,5.658656091841855e-4
396000,1536007593241,5.654742339454622e-4
396500,1536007593881,5.604874812195909e-4
397000,1536007594521,5.66988908339936e-4
397500,1536007595161,5.578213685969117e-4
398000,1536007595800,5.608391007432785e-4
398500,1536007596440,5.623291781202128e-4
399000,1536007597079,5.586612027534132e-4
399500,1536007597719,5.638719307344601e-4
400000,1536007598359,5.68200380044732e-4
400500,1536007598998,5.623570983832112e-4
401000,1536007599638,5.630802505446271e-4
401500,1536007600278,5.678871958637489e-4
402000,1536007600918,5.58713871331656e-4
402500,1536007601557,5.575866902115192e-4
403000,1536007602197,5.647579796121593e-4
403500,1536007602837,5.593885040794507e-4
404000,1536007603476,5.6026181227027e-4
404500,1536007604116,5.587193887006317e-4
405000,1536007604756,5.583584677101248e-4
405500,1536007605397,5.60431677310228e-4
406000,1536007606037,5.58073482854381e-4
406500,1536007606676,5.583141483321822e-4
407000,1536007607316,5.634872738791564e-4
407500,1536007607955,5.59933720599924e-4
408000,1536007608595,5.603252959956116e-4
408500,1536007609235,5.666660849772772e-4
409000,1536007609874,5.590220809370526e-4
409500,1536007610514,5.59967901154941e-4
410000,1536007611154,5.636254266258004e-4
410500,1536007611793,5.599187142080061e-4
411000,1536007612434,5.60956893614227e-4
411500,1536007613076,5.593694277218691e-4
412000,1536007613715,5.609867752264683e-4
412500,1536007614355,5.632873120784342e-4
413000,1536007614995,5.617772136070512e-4
413500,1536007615635,5.635971516940676e-4
414000,1536007616275,5.59867725895549e-4
414500,1536007616915,5.594987753231938e-4
415000,1536007617555,5.618492558796509e-4
415500,1536007618195,5.590565384773888e-4
416000,1536007618835,5.64497815230298e-4
416500,1536007619474,5.636015217539336e-4
417000,1536007620115,5.59234274475662e-4
417500,1536007620755,5.596175711221917e-4
418000,1536007621394,5.602453318342103e-4
418500,1536007622034,5.601967896372718e-4
419000,1536007622674,5.594437302327146e-4
419500,1536007623313,5.634293819222259e-4
420000,1536007623952,5.660576237647136e-4
420500,1536007624593,5.580777105692014e-4
421000,1536007625233,5.612171416698994e-4
421500,1536007625872,5.58286867678425e-4
422000,1536007626512,5.601205060801409e-4
422500,1536007627152,5.588596386266213e-4
423000,1536007627792,5.606713554137261e-4
423500,1536007628433,5.646658761419339e-4
424000,1536007629072,5.602941262620447e-4
424500,1536007629712,5.613891079530146e-4
425000,1536007630352,5.592851072102981e-4
425500,1536007630992,5.610869451262861e-4
426000,1536007631632,5.634305903354654e-4
426500,1536007632272,5.600145693560536e-4
427000,1536007632912,5.586377100959273e-4
427500,1536007633551,5.681807007559103e-4
428000,1536007634191,5.693238276930358e-4
428500,1536007634831,5.603910704939602e-4
429000,1536007635471,5.618000896083586e-4
429500,1536007636111,5.673115170500922e-4
430000,1536007636750,5.587599894317797e-4
430500,1536007637390,5.648038482172344e-4
431000,1536007638030,5.595584061772126e-4
431500,1536007638671,5.611306925290193e-4
432000,1536007639310,5.629489390763222e-4
432500,1536007639950,5.604324187356296e-4
433000,1536007640593,5.70907072219101e-4
433500,1536007641233,5.584135947942477e-4
434000,1536007641872,5.610110573992594e-4
434500,1536007642512,5.653239751686524e-4
435000,1536007643152,5.582140553036987e-4
435500,1536007643791,5.588027120897013e-4
436000,1536007644431,5.582310512325089e-4
436500,1536007645071,5.627297859161828e-4
437000,1536007645710,5.598831265059708e-4
437500,1536007646350,5.60631469408617e-4
438000,1536007646990,5.599353325288349e-4
438500,1536007647630,5.586993983692366e-4
439000,1536007648269,5.618458576778263e-4
439500,1536007648909,5.588539778105289e-4
440000,1536007649548,5.585088916664532e-4
440500,1536007650189,5.615503638664304e-4
441000,1536007650828,5.588853535599104e-4
441500,1536007651468,5.611832333586951e-4
442000,1536007652107,5.657819899345222e-4
442500,1536007652751,5.594671763754762e-4
443000,1536007653391,5.587263353630209e-4
443500,1536007654030,5.596914493753164e-4
444000,1536007654671,5.615456739571856e-4
444500,1536007655316,5.597181564221881e-4
445000,1536007655955,5.606734595786082e-4
445500,1536007656595,5.636672876400346e-4
446000,1536007657235,5.602917009444355e-4
446500,1536007657875,5.63182072684066e-4
447000,1536007658515,5.593750330808059e-4
447500,1536007659154,5.610806661115288e-4
448000,1536007659794,5.592578689295037e-4
448500,1536007660433,5.657286244158408e-4
449000,1536007661073,5.594549816609628e-4
449500,1536007661712,5.594421184715639e-4
450000,1536007662352,5.659650119199263e-4
450500,1536007662991,5.660827105613282e-4
451000,1536007663630,5.648706230908408e-4
451500,1536007664270,5.590619357983631e-4
452000,1536007664910,5.647760622812176e-4
452500,1536007665550,5.606532369433694e-4
453000,1536007666189,5.603535896696975e-4
453500,1536007666829,5.599814127734623e-4
454000,1536007667468,5.600048744781901e-4
454500,1536007668108,5.631193917496776e-4
455000,1536007668748,5.615242509295717e-4
455500,1536007669387,5.644843193016396e-4
456000,1536007670027,5.62862883098273e-4
456500,1536007670667,5.662858319269781e-4
457000,1536007671307,5.606950684635531e-4
457500,1536007671946,5.624087517194063e-4
458000,1536007672586,5.617000299978079e-4
458500,1536007673225,5.596482889488354e-4
459000,1536007673865,5.634437881726736e-4
459500,1536007674504,5.611435753131114e-4
460000,1536007675144,5.668226929591995e-4
460500,1536007675784,5.593831355307412e-4
461000,1536007676424,5.601726080772685e-4
461500,1536007677063,5.666913789950505e-4
462000,1536007677706,5.619866463864258e-4
462500,1536007678345,5.599871988916826e-4
463000,1536007678987,5.659260839443493e-4
463500,1536007679627,5.645523062691361e-4
464000,1536007680268,5.599911173599013e-4
464500,1536007680908,5.611989121037305e-4
465000,1536007681549,5.666038909754896e-4
